Hilma Schneider,
Mozell Treutel,
Dorian Daniel,
Merlin Cummerata,
Brook Kutch,
Twila Reichel,
Agustin Wilderman,
Faye Walker,
Julius Parker,
Jasen Predovic,
Zora Hagenes,
Devan Olson,
Arden Kohler,
Martine Kovacek,
Bernie Cole,
Benjamin Quitzon,
Angus Prohaska,
Burley Cronin,
Ophelia Dickinson,
Cheyenne Koelpin,
Gideon Rippin,
Pete Herzog,
Ruben Greenfelder,
Sophie Heller,
Leonel Baumbach,
Pearline Brakus,
Alec Dooley,
Vernie Zboncak,
Chandler West,
Domenic Streich,
Mallory McKenzie,
Urban Aufderhar,
Melyna Spencer,
Candido Dickens,
Lupe Stehr,
Omari Rath,
Betsy Brakus,
Kattie Hilpert,
Marco Adams,
Alexander Crona,
Michel Sipes,
Ole Bradtke,
Furman Pollich,
Theodora Rempel,
Heather Mertz,
Zachery DuBuque,
Jayne Lesch,
Miracle Welch,
Winona Senger,
Lucious Graham,
Darrel Shields,
Spencer Parker,
Uriel Sawayn,
Daphney Nikolaus,
Ali Ernser,
Aurelia Fritsch,
Rylan Toy,
Ashton Hoeger,
Waylon O'Reilly,
Holden Johns,
Florence Gulgowski,
May Green,
Marina Gislason,
Emie Beatty,
Shirley Ebert,
Johnny Blanda,
Abigale Torphy,
Holden Bauch,
Odell Schowalter,
Rosemary Gislason,
Mckenna Hintz,
Nathaniel Baumbach,
Murphy Emard,
Easter Upton,
Hiram Green,
Ted Barrows,
Nicolas O'Keefe,
Greg Rowe,
Emmy Flatley,
Bradley Rempel,
Vivianne Reilly,
Carter Erdman,
Alex Sauer,
Blanche Casper,
Brandy Stehr,
America Weimann,
Carissa Murphy,
Lina Lowe,
Breanna Harber,
Daryl Kerluke,
Benedict Casper,
Reggie Conroy,
Caleb Pouros,
Effie Stokes,
Seth Herman,
Dennis Flatley,
Malcolm Jaskolski,
Candida Schoen,
Eulalia Sauer,
Kristin Heaney,
Evie Dicki,
Erling Metz,
Nicolas Weber,
Aric Runolfsdottir,
Sunny Wehner,
Jacquelyn Hammes,
Sierra Stiedemann,
Guillermo Stanton,
Bethel Auer,
Dorris Corwin,
Norbert Swaniawski,
Leilani Thompson,
Randal Jast,
Karen Orn,
Nigel Nienow,
Edythe Feil,
Annie Bogan,
Bella Mayer,
Pink Lakin,
Xavier Breitenberg,
Kaylah Reichel,
Nathen Larson,
Agnes Mertz,
Rachelle Boehm,
Wilburn Mante,
Gaston Hansen,
Roel Bruen,
Jeanette Ondricka,
Katelin Muller,
Donnell Quitzon,
Elenor Donnelly,
Cheyanne Jacobi,
Dina Hackett,
Lyda Deckow,
Dayana Gutkowski,
Alena Botsford,
Helene Stracke,
Gay Simonis,
Curt Koelpin,
Rosa Halvorson,
Jovani Tillman,
Friedrich Turcotte,
Lelah Jacobs,
Sidney Ortiz,
Esperanza Dach,
Camden Graham,
Whitney Connelly,
Kobe Jerde,
Celia Gleason,
Lisa Hirthe,
Cecilia Frami,
Doug Bergstrom,
Sidney Schulist,
Eliseo Krajcik,
Dedric Thiel,
Ralph Glover,
Kobe Pacocha,
Dock Ledner,
Mireille Ernser,
Cecelia Ankunding,
Alysha Gibson,
Izabella Trantow,
Santiago Thompson,
Jake Reilly,
Agustina Schinner,
Alessia Romaguera,
Margret Nikolaus,
Norval Quigley,
Lisa Davis,
Merlin Schumm,
Elinore Steuber,
Cynthia Monahan,
Alene Rice,
Susana Prohaska,
Dion Steuber,
Kamron Welch,
Filiberto Russel,
Malika Wisozk,
Kellie Emmerich,
Jaquan D'Amore,
Collin Dooley,
Augustine Orn,
Mikel Kertzmann,
Julian Schmeler,
Elsa Kassulke,
Cody O'Keefe,
Victor Boyer,
Ludie Zemlak,
Polly Berge,
Stella Kihn,
Eleazar Weimann,
Danika White,
Carmine Koelpin,
Serenity Wyman,
Milford Prosacco,
Frank Mayer,
Abel Dietrich,
Clara Goldner,
Keara Witting,
Lelah Bartoletti,
Edison Macejkovic,
Rosanna Schoen,
Maegan Cartwright,
Adolph Morar,
Dakota Orn,
Hector Cartwright,
Katelin Lueilwitz,
Tabitha Denesik,
Wilfredo Brekke,
Elmer Bednar,
Ayla Barton,
Dorothea Rutherford,
Wade Breitenberg,
Woodrow Terry,
Whitney Gutmann,
Reanna Nolan,
Federico Lueilwitz,
Ena Rosenbaum,
Sabrina Kunde,
Daren Murphy,
Daniela Fahey,
Keaton Considine,
Keely Schoen,
Stan Schuster,
Ofelia Miller,
Casey Parisian,
Enoch Harvey,
Darien Glover,
Rozella Stracke,
Walker Wyman,
Jamel Blanda,
Arno Robel,
Angela Hammes,
Icie Kassulke,
Marilie Kertzmann,
Nicolas Bruen,
Carmen Haag,
Adele Wehner,
Giles Satterfield,
Hester Jaskolski,
Grady Bayer,
Reyes Erdman,
Mervin Hermiston,
Norris Hoppe,
Joan Schoen,
Edyth Aufderhar,
Isabell Kuphal,
Rowena Adams,
Carson DuBuque,
Bradley Heidenreich,
Jalon O'Connell,
Ayden O'Conner,
Tyrese McClure,
Kip Yost,
Garland Schiller,
Genevieve Waters,
Fredy Koss,
Dion Oberbrunner,
Ramon O'Connell,
Weldon Hilll,
Furman Green,
Kim Murphy,
Emilie Willms,
Reggie Kuhic,
Emilie Schiller,
Audra Lynch,
Nels Will,
General Cremin,
Claud O'Conner,
Tara Carter,
Karine Quitzon,
Tyreek Greenfelder,
Bernardo Kemmer,
Isom Gulgowski,
Spencer Buckridge,
Giovanna Tremblay,
Bailee Ferry,
Bartholome Schultz,
Delfina Kuhlman,
Marian Sporer,
Talia Paucek,
Flavie Koelpin,
Berneice Bailey,
Gracie Kutch,
Montana Leffler,
Taryn Tremblay,
Oliver Renner,
Henderson Schuster,
Ambrose Wilderman,
Madilyn Herman,
Devonte Crist,
Ashlee Grimes,
Billie Lesch,
Ursula Gleichner,
Bret Romaguera,
Arlene Wiegand,
Pearlie Gerlach,
Gerhard Zemlak,
Lauriane O'Kon,
Jaren Abernathy,
Fernando Adams,
Zander Dibbert,
Tressa Schiller,
Stephania Lang,
Cornell Vandervort,
Vivian Maggio,
Robert Mills,
Louisa Cremin,
Shane Rutherford,
Jason MacGyver,
Margarita Rolfson,
Skyla Nienow,
Ebony Murazik,
Sasha Shanahan,
D'angelo Schiller,
Carol Ebert,
Lori Fritsch,
Dion Dicki,
Sammie Veum,
Clair Okuneva,
Alycia Towne,
Luigi Schowalter,
Carmelo Abernathy,
Asa West,
Dario Bradtke,
Andrew Gaylord,
Christiana Kirlin,
Ted Anderson,
Rudy Herman,
Blair Boyer,
Darrick Littel,
Fermin Renner,
Jalen Conroy,
Bianka Jones,
Noemy Dibbert,
Kelli Fahey,
Kian Halvorson,
Sunny Kessler,
Jimmie Doyle,
Thurman Goodwin,
Wilton Leuschke,
Birdie Lockman,
Ceasar Keebler,
Quinten Nader,
Grady Schmeler,
Kim Rutherford,
Lorenzo Sporer,
Jade Pagac,
Sincere Gerhold,
Kylee Turcotte,
Jordi Sauer,
Kaitlyn Kohler,
Mathilde Steuber,
Oran Jacobi,
Loren Senger,
London Fahey,
Kane O'Conner,
Nicole Bergnaum,
Ronny Weimann,
Gerda Cassin,
Jasmin Mayer,
Mohammed Zboncak,
Johathan Wuckert,
Mckayla Rosenbaum,
Marion Spencer,
Hilbert Bauch,
Collin Gulgowski,
Mara Lubowitz,
Denis Williamson,
Kylee Schoen,
Henriette Hodkiewicz,
Shanna Carter,
Jordon Beer,
Janice Lindgren,
Rozella Thiel,
Bobbie Haag,
Micheal Greenholt,
Andy Bergstrom,
Kristina Bailey,
Jessika Cartwright,
Amy Lemke,
Mattie Pfeffer,
Abby Lang,
Isom Hudson,
Kailee Murazik,
Otha Ferry,
Danielle Johnson,
Einar Waters,
Misty Toy,
Garrett Jacobson,
Mortimer Fadel,
Tyson Nienow,
Marie Mueller,
Wilson Schaefer,
Reilly Parisian,
Belle Ortiz,
Scarlett Marks,
Sheila Mayer,
Alycia Harris,
Kelvin Nader,
Carmen Hansen,
Jacklyn Jacobs,
Saige Heaney,
Else Boyle,
Desmond Effertz,
Daisy Schiller,
Clemens Braun,
Elise Mosciski,
Elise Kohler,
Lenora Green,
Mariano Dietrich,
Hilma Yost,
Verlie O'Connell,
Minnie Nienow,
Claudie Larson,
Karson Daugherty,
Josefa Schmidt,
Brando Effertz,
Garrett Schuster,
Harley Hickle,
Geo Considine,
Brandt Gislason,
Korbin Schaden,
Hattie Dickens,
Ayana Bernier,
Dorothea Hickle,
Makenna Wunsch,
Mortimer Hansen,
Rosemarie Hickle,
Robyn Erdman,
Malinda Orn,
Ardella Haley,
Kameron Lang,
Emelia Krajcik,
Okey Kuhic,
Libby Price,
Amaya Turcotte,
Rusty Schmidt,
Grant Corkery,
Monte Adams,
Jaeden Cassin,
Stanley McGlynn,
Christ Hirthe,
Jody Flatley,
Weston Klocko,
Raquel Bechtelar,
Grant Howell,
Carter Johnston,
Haskell Conroy,
Watson Wolff,
Breanne Schiller,
Jeanne Fritsch,
Jaime Jacobs,
Anahi Haley,
Bernardo Bartoletti,
Marisa Cremin,
Gregg Kilback,
Katelyn Beahan,
Destany Swaniawski,
Jessyca Wehner,
Adriel Lind,
Ursula Weissnat,
Milo Considine,
Justine Sipes,
Floyd Schoen,
Arne Buckridge,
Edd Witting,
Patricia Rodriguez,
Sheila Thompson,
Adele Farrell,
Muhammad Olson,
Nico Okuneva,
Brenda Ratke,
Kianna Conroy,
Brittany Lubowitz,
Jordyn Crona,
Raul Beahan,
Janick Kuhn,
Frederique Koelpin,
Carlotta Davis,
Rhoda Maggio,
Edison King,
Josiane Swift,
Anya Hayes,
Skyla Kuvalis,
Zachery Schimmel,
Kaia Corkery,
Alberta Bauch,
Mitchell Frami,
Elena Hane,
Durward Kovacek,
Elton Smitham,
Rahul Walker,
Wyman Harris,
Jessyca Rohan,
Ahmed D'Amore,
Tre Orn,
Maximo White,
Kevin Parisian,
Hollis Harris,
Jason O'Keefe,
Llewellyn Connelly,
Shea Johnson,
Nathan Prosacco,
Caitlyn Runolfsson,
Amya Huels,
Petra Pfannerstill,
Sydni Carroll,
Craig Gorczany,
Jayde Senger,
Mohamed Hudson,
Chris Rolfson,
Llewellyn Cummings,
Velda Hettinger,
Diana Daniel,
Chelsey Olson,
Ena Cormier,
Jameson Daugherty,
Ethan Bechtelar,
Delta Fahey,
Skylar Toy,
Juliana Aufderhar,
Kristy Zieme,
Diego Torphy,
Mayra Howell,
Delilah Ferry,
Cynthia West,
Francesca Pagac,
Oda Larkin,
Eleanora Hammes,
Milford Pagac,
Kylee Haag,
Davonte Goyette,
Roosevelt Huels,
Elisa Ruecker,
Shayna Gislason,
Jayda Carter,
Hermina Langosh,
Nona Turcotte,
Reed Gottlieb,
Josie Lockman,
Amara Brakus,
Bertram O'Keefe,
Cleora Robel,
Beverly Lesch,
Carlos Goldner,
Jarrell Halvorson,
Kendra Rau,
Antonina Kunze,
Deon O'Conner,
Buster Harvey,
Cordia Reinger,
Willis Pagac,
Golda Stehr,
Alexandre Lynch,
Al Welch,
Salvatore Nader,
Dwight Bergstrom,
Martine Jones,
Gabriel Donnelly,
Isabel Botsford,
Rosemarie Muller,
Sean Dickens,
Cathy Schneider,
Chance Jast,
Gregoria Cummings,
Macy Crona,
Angelina Marks,
Benjamin Schaefer,
Horace Block,
Gerald Kling,
Jerrell Smitham,
Mario Senger,
Jamie Kshlerin,
Casey Mosciski,
Mya Cronin,
Corine Moore,
Gladyce Spencer,
Mackenzie Huel,
Daija Walsh,
Cydney Gleichner,
Fermin Spencer,
Liliana Medhurst,
Marian Yundt,
Maximo Powlowski,
Athena Heller,
Tate Ebert,
Eva Hoeger,
Felicita Rodriguez,
Abagail Gorczany,
Coleman Doyle,
Tom Predovic,
Theresa Schaefer,
Maryjane Murazik,
Danyka Shields,
Oda Stanton,
Sally Lind,
Alexandro Jakubowski,
Reynold Gerlach,
Gerry Fay,
Miracle Marvin,
Cara Dickens,
Elenor McGlynn,
Geovany Murphy,
Bert Luettgen,
Kurtis Lebsack,
Asia Mante,
Ludie Lynch,
Marilyne Gleason,
Marjorie Barrows,
Althea Greenholt,
Zita Gibson,
Lessie Rosenbaum,
Zechariah Schuster,
Saige Barton,
Enid Balistreri,
Oceane Gerlach,
Charlene Graham,
Edmund Nikolaus,
Danial Christiansen,
Viva Von,
Bartholome O'Reilly,
Keara Mraz,
Noemy Nader,
Jude Reynolds,
Kendall Kshlerin,
Alfonso O'Keefe,
Jeanette Reichert,
Reece Cartwright,
Wava McGlynn,
Jerrold Kulas,
Elsa Block,
Kendrick Kozey,
Lucinda Lebsack,
Mariam Considine,
Freeda Grady,
Eden Leannon,
Rylee Doyle,
Carolanne Hagenes,
Cordell Carroll,
Reynold Littel,
Roscoe Goldner,
Travon Turcotte,
Roman Yost,
Judson Botsford,
Tyreek Ortiz,
Kane Anderson,
Ramona Streich,
Laurianne Stokes,
Victor Orn,
Ahmed Lemke,
Chase Emard,
Geraldine Bartoletti,
Frankie Sawayn,
Joesph Koch,
Natalia Flatley,
Eloisa Feil,
Carmella Wilderman,
Briana Jakubowski,
John Schaefer,
Mose Prohaska,
Martina Tillman,
Freddy Turcotte,
Major Johnson,
Noah O'Conner,
Estefania Paucek,
Oma Smith,
Cory O'Conner,
Skylar Fritsch,
Randal Wintheiser,
Bethel Sipes,
Zackery Bode,
Ella Fay,
Albina Gorczany,
Gertrude Mertz,
Marisol Upton,
Kariane Champlin,
Cristal Zulauf,
Guiseppe Flatley,
Kenya Predovic,
Eldora Kuhlman,
Adeline Stark,
Leslie Cremin,
Elinore Weber,
River Parisian,
Antone Collins,
Stone Ferry,
Vesta Hettinger,
Paxton Leuschke,
Chelsea Kohler,
Rylan Sauer,
Caesar Bergstrom,
Annamae Gerhold,
Kody Connelly,
Julianne Reilly,
Judge Dooley,
Polly Gulgowski,
Narciso Gorczany,
Timmy Roob,
Thelma Grady,
Candida Kunze,
Alejandrin Maggio,
Nicole Walter,
Eryn Harris,
Amaya Ledner,
Nicholaus Bruen,
Christelle Eichmann,
Mark Ortiz,
Giovani Luettgen,
Demarco O'Hara,
Walter Satterfield,
Sean Ritchie,
Seth Schamberger,
Beau Kling,
Coleman Kulas,
Maverick Ledner,
Kirstin Emard,
Adrienne McGlynn,
Makenzie Kulas,
Doris D'Amore,
Raleigh Luettgen,
Braxton Considine,
Lupe Sauer,
Kailey Quitzon,
Mikel Terry,
Francesca Doyle,
Sophia Jaskolski,
Cruz Cremin,
Fabiola Barrows,
Mallory DuBuque,
Adela Ziemann,
Asia Greenfelder,
Eva Bailey,
Brown Lang,
Estel Ortiz,
Stacey Bayer,
Selmer Haag,
Rylee Braun,
Jordon Denesik,
Albertha Gleichner,
Valentine Swift,
Leland Schmidt,
Rachel Cole,
Stephan Satterfield,
Hailey Bosco,
Edd Feil,
Malachi Ullrich,
Rossie Hudson,
Bianka Cronin,
Mitchel Pacocha,
Laisha Leffler,
Leopold Lemke,
Domenick Bartell,
Lela Hartmann,
Christop Block,
Douglas Sanford,
Roberta Nikolaus,
Jonas Vandervort,
Lavina Lehner,
Merl Luettgen,
Meta Sauer,
Carleton Ritchie,
Catherine Bauch,
Vicky Labadie,
Giovanna Rosenbaum,
Lenore Rodriguez,
Charlie Collier,
Aaliyah Kohler,
Georgianna Beahan,
Keven Conn,
Delta O'Conner,
Sabrina Reynolds,
Gust White,
Jerrold Waelchi,
June Klein,
Dorthy Gleason,
Verona Fadel,
Angel Kunde,
Arden Hettinger,
Genevieve Gislason,
Bailey Gulgowski,
Laurie Harris,
Edythe Welch,
Valerie Collier,
Althea Ruecker,
Brandyn Hane,
Bette Hegmann,
Tyshawn Hudson,
America Kuhlman,
Roselyn Balistreri,
Virginia Beier,
Kraig Wuckert,
Pat Murphy,
Maria Hills,
Harold Murazik,
Darion Feest,
Emerson Beier,
Casimir Kihn,
Era Crist,
Stanford Turner,
Sarina Stark,
Guillermo Christiansen,
Roberta Collins,
Anita Padberg,
Enoch McCullough,
Gregoria Halvorson,
Mariah Howell,
Hans Huels,
Tyson Kirlin,
Brooks Mohr,
Luis Kozey,
Helmer Prohaska,
Nicklaus Lind,
Davonte Considine,
Max Veum,
Loyce Cruickshank,
Evalyn Kerluke,
Clair Sawayn,
Germaine McDermott,
Emanuel Daniel,
Armando Feil,
Sasha Marquardt,
Sonia Mosciski,
Kurtis Padberg,
Elmore Daugherty,
Edyth Cummings,
Isac Schiller,
Vaughn Hackett,
Garry Pfannerstill,
Lafayette Leffler,
Rosemarie Schimmel,
Dedrick Streich,
Elsa Stamm,
Eugene Stokes,
Anita Lynch,
Nels Hane,
Aric Lindgren,
Brandyn Quigley,
Floy Conroy,
Dovie Kunde,
Justus Kulas,
Wilma Kessler,
Buddy Sporer,
Robbie Keeling,
Aron Nicolas,
Anabel Bernier,
Alanis Friesen,
Ena Christiansen,
Zoe Treutel,
Princess Wilderman,
Christian Carroll,
Moses Wuckert,
Jaunita Yost,
Cordell Hintz,
Jaydon Goldner,
Rosendo Zboncak,
Jeffery Douglas,
Guadalupe Lind,
Flavie Bosco,
Carson Ortiz,
Valentin Kemmer,
Misael Rowe,
Alex Ledner,
Josianne Durgan,
Pearl Funk,
Jordon Johns,
Emie Maggio,
Hailey Sauer,
Tyree Steuber,
Mitchell Schowalter,
Reymundo Toy,
Laurel Fritsch,
Dahlia Zemlak,
Anthony Ortiz,
Vita Windler,
Justina Murphy,
Verna Marvin,
Cleve Hegmann,
Zackery Borer,
Scotty Jacobs,
Marcellus Corwin,
Ayla Kirlin,
Tyree Kunde,
Leo Bergstrom,
Georgianna Bergnaum,
Mylene Langworth,
Berta Jacobson,
Martina Nienow,
Raleigh Frami,
Carolina Carroll,
Jannie Rohan,
Darion Powlowski,
Shaniya Schaefer,
Jeffry O'Keefe,
Gay Braun,
Asa O'Conner,
Destinee D'Amore,
Carlo Dare,
Yesenia Ernser,
Tomasa Gottlieb,
Gaylord Sauer,
Eusebio Nicolas,
Marquise Smith,
Myrtice Moore,
Clovis Jerde,
Bernhard Wisoky,
Tatyana Koch,
Eugene Pollich,
Eldridge Cremin,
Jeff Mayer,
Okey Mitchell,
Mertie O'Conner,
Candace Luettgen,
Tito Considine,
Flavio Bauch,
Elmer Connelly,
Tyra Ward,
Ramiro Stroman,
Samson Hartmann,
Alvena Schuster,
Jayden Gleichner,
Niko Boehm,
Elton Johnson,
Magali Reichert,
Princess Rosenbaum,
Kasey Hane,
Haylie Maggio,
Demario Anderson,
Cristian Prohaska,
Mitchell Gulgowski,
Timmothy Nitzsche,
Jacey Ankunding,
Lydia Feeney,
Carmela Moen,
Jena Berge,
Jimmy Schamberger,
Delilah Pouros,
Penelope VonRueden,
Everett Koss,
Aliza Lynch,
Sydni Keebler,
Jedediah Stokes,
Ebony Reichel,
Abby Bergstrom,
Ashton Schroeder,
Marcia O'Keefe,
Barrett Lueilwitz,
Kaden Block,
Cornell Spencer,
Katherine Bernhard,
Loyce Block,
Mac Johnston,
Misael Greenholt,
Rebeca Durgan,
Imogene Klein,
Bettie Krajcik,
Merl Kuvalis,
Adan Hagenes,
Markus Hayes,
Maci Tromp,
Corrine Boyle,
Deanna Ortiz,
Verona Nienow,
Tomasa Kihn,
Mina Koepp,
Sherman Weimann,
Estel Murphy,
Henry Altenwerth,
Savanna Price,
Vincent Tillman,
Dayton Beier,
Karina Smith,
Everardo O'Hara,
Miracle Rogahn,
Foster Corkery,
Jacques Balistreri,
Trace Kiehn,
Steve Quigley,
Darrion Kovacek,
Jamil Dickinson,
June Von,
Kyleigh Bins,
Landen Ruecker,
Claude Torp,
Amos Morissette,
Jaida Wisozk,
Jeffrey Krajcik,
Christopher Johnson,
Alexandrine Heaney,
Kirk Jaskolski,
Vallie Kling,
Birdie Marquardt,
Manuel Jones,
Charley Hilpert,
Bailee Hoppe,
Terrell Ebert,
Jonatan Huels,
Irving Schmitt,
Ashton Sporer,
Lucius Greenfelder,
Fidel Hagenes,
Marta Jerde,
Robin Mann,
Oran McKenzie,
Maryse Paucek,
Margie Abbott,
Eleanora Bogisich,
Itzel Walsh,
Odessa Gislason,
Hallie Langworth,
Orlando Davis,
Hilton Waelchi,
Kylee Lowe,
Lloyd Bernhard,
Esmeralda Graham,
Fausto McCullough,
Cristopher Breitenberg,
Layne Crona,
Luella Miller,
Frederic Rosenbaum,
Lila Oberbrunner,
Roslyn Kunze,
Alberto Goodwin,
Shawna Ward,
Mariana Veum,
Wilton Sauer,
Santos Larson,
Ansel Collier,
Gerry Denesik,
Marcelo Mraz,
Brooklyn Hessel,
Jazmin Barrows,
Marco Hoppe,
Caleigh Wolff,
Halle Donnelly,
Linda Carroll,
Henderson Wiegand,
Stephania Strosin,
Johnson Hartmann,
Ulises Bernhard,
Roel Bogan,
Matilde Littel,
Peter Mosciski,
Eloise O'Keefe,
Lacey Metz,
Janiya Romaguera,
Ken Gutkowski,
Jaleel Lowe,
Nick Mante,
Cecilia Carroll,
Renee Monahan,
Genoveva Cartwright,
Velma Schaden,
Ryley Littel,
Camilla Hyatt,
Ruth Bartoletti,
Freida Schuppe,
Carolanne Prosacco,
Stewart Waters,
Dashawn Hegmann,
Shyanne Mitchell,
Tressa Yost,
Effie Wehner,
Bell Larson,
Carissa Koepp,
Addie Hessel,
Kassandra Spencer,
Lyda Simonis,
Carmen Kuvalis,
Chris Greenholt,
Immanuel Hartmann,
Jonathon Schowalter,
Troy Hackett,
Lionel Luettgen,
Murl Rath,
Marty Wolff,
Cordie Kuvalis,
Montana Hills,
Maddison Leuschke,
Felton Thiel,
Ryann Hyatt,
Newell Pfannerstill,
Price Harvey,
Adolf Sipes,
Dariana Simonis,
Laverna Borer,
Rosie Ondricka,
Norene Welch,
Mozelle Schimmel,
Constance Marks,
Adolphus Braun,
Federico Ferry,
Favian Marks,
Abel Upton,
Myah Hodkiewicz,
Waldo Hodkiewicz,
Dudley O'Connell,
Arnold Klein,
Elnora Sporer,
Magnolia Lynch,
Loyce Schmeler,
Euna Hudson,
Vickie Corkery,
Adonis Moen,
Cyril Nitzsche,
Vinnie Swift,
Carmel Kihn,
Justine Schroeder,
Heath Lakin,
Jermey Schultz,
Marian Senger,
Dominic Shields,
Bria Herman,
Ella Purdy,
Christelle Shields,
Maryjane Murray,
Candelario Mante,
Alva Greenfelder,
Frederik Daniel,
Dayana Price,
Lloyd Mosciski,
Eulah Feil,
Abelardo Casper,
Dylan Rippin,
Gayle Haley,
Lenna Stroman,
Laron Bailey,
Trisha Homenick,
Alanis Shanahan,
Marcel Kohler,
Edna Hayes,
Cory Toy,
Jodie Goldner,
Tyrel Hegmann,
Chloe Lebsack,
Newton Wyman,
Courtney Schroeder,
Milan Morar,
Gerald Hirthe,
Miguel Pouros,
Eldred Bergstrom,
Kavon Huel,
Tressie Breitenberg,
Abdiel O'Reilly,
Julio Hahn,
Marie Feest,
Kelsie Bogan,
Jasper Carroll,
Mohamed Bednar,
Ofelia Labadie,
Kameron Thompson,
Guadalupe Thompson,
Petra Ortiz,
Ressie Gaylord,
Darby Johnston,
Ena Baumbach,
Nick Johnston,
Oswaldo Koch,
Era Harber,
Darius Crona,
Collin Hessel,
Jaylon Lubowitz,
Billie Stoltenberg,
Asia Murphy,
Scotty Nader,
Janessa Crooks,
Jaylan Altenwerth,
Hugh Senger,
Layla Fadel,
Patience Breitenberg,
Torey Deckow,
Devante Ondricka,
Rosendo Smith,
Emmett Williamson,
Jordy Hackett,
Gerald Lakin,
Cierra Zemlak,
Hollis Schiller,
Theodora Rippin,
Richie Nienow,
Everardo Shanahan,
Fernando Hessel,
Victor Kuhic,
Gerry Hoeger,
Edythe Luettgen,
Germaine Dibbert,
Mae Hodkiewicz,
Mohamed Gibson,
Makayla Breitenberg,
Linda Schuster,
Nedra Gislason,
Ken Will,
Rhett Hackett,
Vilma Goldner,
Ariane Weissnat,
Alexandra Stiedemann,
Aylin Dietrich,
Brooke Oberbrunner,
Francesca Medhurst,
Michale Lowe,
Glennie Rodriguez,
Erwin Howell,
Gonzalo Gleason,
Caitlyn Jenkins,
Cielo Connelly,
Reanna Quigley,
Lilly Marks,
Augustus Champlin,
Garnet Berge,
Korey Bode,
Valentina Lind,
Earlene Maggio,
Esperanza Vandervort,
Tiana Batz,
Wilfrid Gleason,
Anjali Becker,
Saige Lindgren,
Audrey Botsford,
Jackie Morar,
Earnest Kozey,
Pat Rippin,
Angelita Brown,
Mattie Howe,
Mara Hyatt,
Jazmyn Jerde,
Mossie Bode,
Cindy Wintheiser,
Maybelle Connelly,
Eda Wilkinson,
Magdalen Sawayn,
Heather Parker,
Cathy Ernser,
Wilson Bechtelar,
Jamil Homenick,
Jaqueline Orn,
Carlie Schmeler,
Carlie Zboncak,
Tomasa Armstrong,
Tyrique Bogisich,
Florine Hodkiewicz,
Donnell Frami,
Jace Krajcik,
Celia Jones,
Katheryn Russel,
Akeem Gleason,
Carroll Wilderman,
Salvador Beer,
Dillan Daniel,
Ewald Walsh,
Schuyler Zieme,
Kelly Cummerata,
Andre Bins,
Robbie King,
Glenda Upton,
Shakira Brakus,
Bulah Jast,
Minerva Reichel,
Jessy Davis,
Margarita Deckow,
Karley Senger,
Zion Cummings,
Anastacio Swaniawski,
Joanne Kemmer,
Roberta Miller,
Kathlyn Wolff,
Jude Bogisich,
Ottis Frami,
Sasha Ernser,
Madison Waters,
Rhianna Hauck,
Theo Wolff,
Ubaldo Hoppe,
Elroy Okuneva,
Furman Bechtelar,
Brice Schimmel,
Serenity Marquardt,
Kolby Nicolas,
Marquis Hane,
Shea Schuster,
Sonny Rippin,
Cristian Kulas,
Arianna Weber,
Humberto Gutkowski,
Genevieve Yost,
Derrick Bruen,
Andreanne Rolfson,
Rosina Kunze,
Silas Armstrong,
Jacquelyn Nicolas,
Arlene Hudson,
Emilia Schmidt,
Dewitt Beatty,
Ashlynn Lindgren,
Ulices Flatley,
Alfonzo Adams,
Alessandra Will,
Ron Schuster,
Arjun Mayert,
Glen Balistreri,
Margret Graham,
Dwight Jones,
Lilly Moore,
Brown Gerhold,
Emilio Reynolds,
Tracey Willms,
Branson Reichel,
Destin O'Conner,
Kailey Hansen,
Chance Gleason,
Oleta Reichert,
Lance Kuhic,
Cyrus Haag,
Gia Strosin,
Terrance Hartmann,
Mina Gibson,
Wellington Vandervort,
Wyatt Marvin,
Vella Jones,
Kallie Mosciski,
Deshawn Vandervort,
Selena Thiel,
Nelle O'Conner,
Monserrat Pfannerstill,
Ahmed Sporer,
Ervin Connelly,
Trever Spencer,
Ophelia McCullough,
Liliana Brown,
Arlo Schaden,
Jaclyn Bode,
Elena Torp,
Johanna Wiza,
Maryse Gutmann,
Lilly Prosacco,
Gerhard Murazik,
Kyler Dibbert,
Chaz Douglas,
Stephon Farrell,
Orville Olson,
Julian Bahringer,
Nathaniel Smitham,
Ricky Balistreri,
Kennedi Erdman,
Jessyca Terry,
Alek Prohaska,
Cecil Weber,
Dejah Barton,
Ronny Hills,
Geraldine Jenkins,
Roman King,
Kari Marks,
Orpha O'Connell,
Llewellyn Barrows,
Maximus Bode,
Gerhard Durgan,
Marlene Waters,
Brando Roberts,
Olin Connelly,
Bret Osinski,
Jalen Labadie,
Garrett Trantow,
Brielle Harris,
Everett Eichmann,
Polly Weimann,
Stephan Graham,
Estrella Jacobson,
Alexandre Bailey,
Hulda Toy,
Malachi Welch,
Eliseo Bode,
Gregoria Wiegand,
Glenda Leffler,
Filiberto Cole,
Adrienne Strosin,
Adrienne Nader,
Leif Crist,
Catalina Swift,
Moriah Bashirian,
Colten Balistreri,
Trenton Gottlieb,
Christiana Schaefer,
Kari Gutkowski,
Dereck White,
Travon Baumbach,
Peyton Johnston,
Caleb Labadie,
Quinten Labadie,
Retha Daugherty,
Arthur Schulist,
Tod Kerluke,
Kaylah Gleason,
Moshe Beatty,
Florine Price,
Garrick Bahringer,
Mikayla Greenfelder,
Kara Kemmer,
Douglas Waters,
Marilou Walker,
Emerald Pacocha,
Mireille Aufderhar,
Isadore Kerluke,
Chanel Rowe,
Brandy Heller,
Trycia Corwin,
Destany Kshlerin,
Royce Bayer,
Russel Schultz,
Jany Kohler,
Cecelia Zemlak,
Coralie Botsford,
Roxane Franecki,
Henderson Auer,
Armani Davis,
Ava Nicolas,
Elwyn Carroll,
Frida Cassin,
Odell Mosciski,
Guy Cronin,
Adaline Hirthe,
Cleora Morar,
Carolyn Larkin,
Edyth Swift,
Marvin Wiegand,
Sherwood McCullough,
Holly Jakubowski,
Brisa Cronin,
Xavier Batz,
Berneice Tromp,
Watson Fay,
Wyman Kling,
Isobel Ward,
Kailey Buckridge,
Lou Waters,
Marianne Gerlach,
Gabriel Harris,
Kyla King,
Marjory Cartwright,
Frederick Abshire,
Shakira Haley,
Lourdes Orn,
Noel Barton,
Graciela Moen,
Shanelle Stehr,
Reynold Sipes,
Claire Luettgen,
Gust Crooks,
Nettie Parker,
Henri Sauer,
Larue Bashirian,
Walker Paucek,
Noel Larson,
Lizeth Leannon,
Richard Hartmann,
Bret Wilderman,
Angus Goodwin,
Linwood Hintz,
Eloisa Torp,
Estevan Pagac,
Antwan Schinner,
Garth Walsh,
Chaz Lind,
Leif Willms,
Mikayla Turner,
Verona Witting,
Austen Murray,
Emiliano Stiedemann,
Meagan Homenick,
Chelsey Wolff,
Damon Breitenberg,
Benton Bayer,
Shyann Hansen,
Breanna Hartmann,
Jewel Wolff,
Augusta Kerluke,
Stephon Grady,
Dixie Hudson,
Marcellus King,
Annalise Reichel,
Dan Skiles,
Stephon Emmerich,
Joshua Auer,
Toni Stamm,
Patrick Gerhold,
Izaiah Pagac,
Aubrey Bartell,
Ciara Anderson,
Ettie Rippin,
Fredrick Renner,
Levi Herzog,
Russell Wisoky,
Fermin Conn,
Kenton Schamberger,
Jaeden Powlowski,
Giovanni Bernhard,
Jovanny Leffler,
Giovanny Conn,
Ryley Dietrich,
Viviane Wilkinson,
Hailee Nolan,
Moriah Deckow,
Jolie Schultz,
Iliana Bauch,
Xavier McLaughlin,
Franco Schumm,
Jed Blanda,
Chelsey Walker,
Emmett Weber,
Reymundo Schaden,
Malcolm Carroll,
Marlene Hilll,
Sibyl Wintheiser,
Lester Conn,
Jaquan Durgan,
Brandyn Corkery,
Rowena Hilpert,
Margret Parisian,
Laverna Wyman,
Ardith Schaefer,
Celestine Tillman,
Arnold Predovic,
Mariana Mraz,
Matilde Conroy,
Joseph Huels,
Elza Funk,
Jeramie Prosacco,
Lera Hilpert,
Camilla Kuhlman,
Humberto Koch,
Logan Larson,
Nadia Klocko,
Kendall Schmidt,
Nia Beer,
Llewellyn Zboncak,
Melody Ratke,
Camden Flatley,
Bridie Erdman,
Michael Larson,
Lauretta Bayer,
Finn Kunze,
Fae Conroy,
Lottie O'Connell,
Lee Grant,
Lila Bechtelar,
Bettye Bednar,
Maci Becker,
Chasity Casper,
Lincoln Windler,
Gisselle Dibbert,
Seth Herzog,
Loy Wiegand,
Ike Parker,
Flo Dickens,
Humberto Schowalter,
Edmond Stoltenberg,
Sonya Powlowski,
Maybell Anderson,
Marlin Sauer,
Cathryn Ortiz,
Brent Smith,
Sally Berge,
Larry Jacobson,
Landen Durgan,
Lula Wintheiser,
Veda Purdy,
Ona Harber,
Kaelyn Block,
Kevon Casper,
Katelynn Orn,
Jermaine Welch,
Don Graham,
Ruben DuBuque,
Llewellyn Kautzer,
Mellie McKenzie,
Felix Wuckert,
Mason Ebert,
Lucie Schmeler,
Dimitri Williamson,
Abbie Armstrong,
Mittie Stroman,
Amiya Bernhard,
Margret Fritsch,
Donny Miller,
Dejon O'Connell,
Edna Goyette,
Priscilla Donnelly,
Monroe Grant,
Jevon Rau,
Maxwell Leffler,
Nils Barrows,
Giles Greenfelder,
Noe Rath,
Tina Ward,
Yasmin McClure,
Pearline Jacobs,
Evalyn Lueilwitz,
Berneice Gibson,
Carmella Rolfson,
Johathan O'Connell,
Hassie Rowe,
Otto Mosciski,
Carson Gutkowski,
Vito Kulas,
Maida Feest,
Guillermo White,
Geovany Bernhard,
Domenick D'Amore,
Cloyd Conn,
Junior Weimann,
Claude Goodwin,
Isabel Barrows,
Mitchell Wolff,
Rosalinda Kilback,
Marcelino Rogahn,
Carley Carroll,
Gerson Herzog,
Armando Prosacco,
Scottie Gleason,
Darwin Weber,
Birdie Leuschke,
Bertha Rippin,
Stephon Ebert,
Jazlyn Spinka,
Thelma Rippin,
Ofelia Blanda,
Sheridan Wolff,
Brigitte Breitenberg,
Javon Casper,
Ellis Romaguera,
Ludwig Weimann,
Sylvester Gleason,
Benedict Sanford,
Britney Rutherford,
Thaddeus Dach,
Melisa Lueilwitz,
Reina Feil,
Hilario Nolan,
Carlotta Carter,
Stefan Simonis,
Cassandre Borer,
Leda Kautzer,
Ethan Mosciski,
Jan Maggio,
Lilliana Marquardt,
Angelo Parisian,
Jason Veum,
Zoie Gottlieb,
Viola Huel,
Niko Labadie,
Tomas Oberbrunner,
Anita Ebert,
Elisha Botsford,
Ricardo Koss,
Maybell Braun,
Nathan Hayes,
Carolyn Gerlach,
Lenny Rath,
Minnie Spencer,
Aliya Davis,
Nash Blick,
Mekhi Durgan,
Antwon Hills,
Lenora Roob,
Geovany Heidenreich,
Lilla Heller,
Brenden Hilll,
Braxton Quitzon,
Dejon Hackett,
Pearline Schowalter,
Bernadine Runolfsdottir,
Dashawn Streich,
Brenden Reichel,
Mckenzie Hegmann,
Aurelie Stehr,
Dale Bernhard,
Lupe Raynor,
Missouri Parisian,
Ellen Dietrich,
Everardo Flatley,
Maria Ratke,
Edison O'Reilly,
Lorenza Cole,
Leann Crona,
Everardo Koch,
Belle Kulas,
Afton Champlin,
Willow Mraz,
Brooke Hoeger,
Rhianna Rodriguez,
Waino Goyette,
Evangeline Heaney,
Marlee Towne,
Margret Yundt,
Coby Jakubowski,
Leonie Macejkovic,
Shana Wisoky,
Layla Fritsch,
Helga Ryan,
Marge Wilkinson,
Carli Rohan,
Marcel Spinka,
Ayla Mueller,
Grayce Bosco,
Skyla Kutch,
Roy Stamm,
Gerardo Roob,
Kevin Ankunding,
Serena Kunde,
Karianne Purdy,
Nico Leannon,
Natalia Prohaska,
Carmela Nicolas,
Retta Daugherty,
Sharon Olson,
Raquel Murazik,
Aleen Reynolds,
Chesley Hoeger,
Sheila Yundt,
Paul Spinka,
Marjory Kshlerin,
Kavon Murazik,
Trey Donnelly,
Alison Halvorson,
Schuyler Koch,
Ova Renner,
Kade Mills,
Dante Schuppe,
Krystina Reilly,
Adela Howell,
Seth Zemlak,
Nakia Hintz,
Haven Torp,
Yasmin Ritchie,
Naomi Swift,
Alberta Windler,
Guillermo Hirthe,
Magali Marquardt,
Brisa Kunze,
Brendon Kiehn,
Michaela Stracke,
Caleb Jaskolski,
Cassie Hegmann,
Fatima Zemlak,
Shanny Wolf,
Providenci Jenkins,
Emmet Donnelly,
Hugh Pagac,
Cole Zemlak,
Bridie Boyle,
Rowan Greenholt,
Margarete Heidenreich,
Declan Stracke,
Samara Green,
Claudine Sipes,
Lura Walsh,
Judah Davis,
Zion Orn,
Weldon Vandervort,
Cecil Okuneva,
Pedro Ledner,
Flo Kiehn,
Jettie Howell,
Cristopher Casper,
Maudie Zulauf,
Odie Lebsack,
Kailey Stamm,
Juliana Wolf,
Chasity Sipes,
Soledad Swift,
Diana Kihn,
Guido Parisian,
Eldridge Labadie,
Bridgette Robel,
Tito Huel,
Kiana Russel,
Roosevelt Runolfsdottir,
Elsie Rogahn,
Emile Turcotte,
Sedrick Buckridge,
Rosetta Stokes,
Brandi Gerhold,
Will Kovacek,
Jarred Hamill,
Barrett Kling,
Bennie Fritsch,
Jerrell Skiles,
Edmund Kerluke,
Florine Heller,
Obie Hilpert,
Armand Leannon,
Sydnee Bogisich,
Annabelle Lueilwitz,
Ian Bartell,
Toby Haley,
Jefferey Wiegand,
Rachel Boyer,
Bettie Kassulke,
Florence Rice,
Twila O'Kon,
Rhianna Balistreri,
Makenzie Breitenberg,
Toney Reynolds,
Terrell Bechtelar,
Hershel Huels,
Norene Ratke,
Marcelina Heathcote,
Dorris Runte,
Kirstin Kirlin,
Ken Effertz,
Millie Klocko,
Cathryn Stehr,
Peggie Kovacek,
Olin Greenfelder,
Elta Will,
Brenda Schmeler,
Vella Feest,
Tremaine Watsica,
Ashlynn Pacocha,
Julian Mosciski,
Myriam Wintheiser,
Celine MacGyver,
Fred Block,
Kailey Roberts,
Kaela Keeling,
Mikel Willms,
Kaycee Weissnat,
Adela Hansen,
Donnell Berge,
Destiney Hessel,
Cary Kreiger,
Eliezer Ziemann,
Jonatan Dach,
Janie Klocko,
Naomie Brekke,
Katherine Boyle,
Kaylah Ritchie,
Payton Fisher,
Zakary Durgan,
Carolyne Wilkinson,
Salma Kub,
Leif Fadel,
Antwon Huel,
Fletcher Boyer,
Maia Okuneva,
Hilma Lindgren,
Rubye Watsica,
Vinnie Nader,
Hassan Wilkinson,
Marcel Moen,
Shyann Conroy,
Cory Runolfsson,
Mitchell Monahan,
Catherine Huels,
Wilhelm Shanahan,
Emerson Koepp,
Aubrey Hirthe,
Gordon Kuphal,
Kimberly Will,
Lambert Dooley,
Steve Tromp,
Amalia Feeney,
Olin Kerluke,
Mariane Lehner,
Dulce Beatty,
Kane Buckridge,
April Quitzon,
Haley Anderson,
Maximillia Metz,
Heath Davis,
Annetta Hettinger,
Lenny Hegmann,
Charity Erdman,
Johnathan Thiel,
Elna Streich,
Alford Little,
Remington Sipes,
Saige Keeling,
Clay Treutel,
Demario Reichel,
Hettie Kuhn,
Levi Hansen,
Lillian Kunze,
Savanna Rowe,
Keagan Bradtke,
Lenore Hermiston,
Anthony Dibbert,
Kennith Runte,
Prince Towne,
Lesly Wuckert,
Joesph Turner,
Domenick Hane,
Yvette Murray,
Blanca Ebert,
Casimer Jakubowski,
Moses Schultz,
Madonna Hilll,
Jana Klein,
Shanny Doyle,
Mallory Kulas,
Noble Fritsch,
Aubree Heller,
Domenico Feil,
Silas Altenwerth,
Chet Hartmann,
Janiya Okuneva,
Monty Zboncak,
Destin Larkin,
Reed Schimmel,
Aubree Bahringer,
Brenna Ratke,
Maximilian Schinner,
Annabel Hand,
Bret Hand,
Troy Padberg,
Bulah Pfeffer,
Uriel Marks,
Jodie Morar,
Dedrick Tromp,
Bernadette Dietrich,
Dusty Metz,
Elias Glover,
Noe Kunze,
Eulalia Halvorson,
Meggie Bauch,
Michelle Botsford,
Vivienne Cummings,
Willa Rogahn,
Magdalen Mueller,
Hayley Runolfsdottir,
Keon Konopelski,
Skye Morissette,
Lois Herzog,
Tamia Pouros,
Mae Spinka,
Jamey McKenzie,
Miguel Dickens,
Minnie Torp,
Sage Beer,
Angela Satterfield,
Gay Hoeger,
Davion Kuhlman,
Armando Kemmer,
Raphaelle Haley,
Jody Reichel,
Asha Denesik,
Tania Swaniawski,
Herminia Mayer,
Baby Bergstrom,
Osbaldo Hahn,
Brian Ledner,
Norval Schmitt,
Mallory Schamberger,
Domingo Fisher,
Darlene Hackett,
Maximilian Luettgen,
Daija Schuppe,
Kariane Swaniawski,
Zoie Feeney,
Kobe Hermiston,
Carissa Orn,
Laurianne Aufderhar,
Anthony Armstrong,
Candice Hayes,
Madilyn Mante,
Toby Pouros,
Francis Flatley,
Easter Hermiston,
Rubye Kirlin,
Linnie Labadie,
Ressie Beahan,
Izabella Torp,
Ellsworth Bergstrom,
Leola Paucek,
Mariano Cronin,
Antonia Simonis,
Birdie Sporer,
Wilton Abbott,
Kirsten Langworth,
Marielle D'Amore,
Rosetta Brekke,
Savanna Lynch,
Marcella Gutkowski,
Alivia Barrows,
Jordon O'Kon,
Raymundo Hackett,
Shanel Bayer,
Rey Dickinson,
Kyleigh Sipes,
Miguel Okuneva,
Lillie Morar,
Don McLaughlin,
Rudolph Willms,
Litzy Hansen,
Jany Cremin,
Alexzander Kassulke,
Lamont Franecki,
Corine Pfeffer,
Marilou Muller,
Arely Terry,
Ayla Krajcik,
Damien O'Kon,
Jaunita Lueilwitz,
Carolanne Collier,
Edna Dickinson,
Gina Mills,
Kaycee West,
Kathlyn Konopelski,
Mauricio Heidenreich,
Henderson Rutherford,
Savanah Kunze,
Lue Hartmann,
Arden Crist,
Liana Herman,
Erwin Eichmann,
Melody Tillman,
Rosalinda Hodkiewicz,
Fritz King,
Hayley O'Kon,
Johnson Littel,
Paul Price,
Jane Olson,
Dina Goldner,
Rodrigo Fay,
Brandt Dare,
Bernadine Armstrong,
Dana Macejkovic,
Eugene Stoltenberg,
Daphne Langosh,
Adele Watsica,
Mariano Bruen,
Myron Roberts,
Cleve Muller,
Kailee McClure,
Jacinto D'Amore,
Selmer Kovacek,
Rashad Gerhold,
Ernestina Wyman,
Hazle Towne,
Estevan Wintheiser,
Elfrieda Jaskolski,
Camryn King,
Fay Mitchell,
Viola Bogisich,
Pablo Senger,
Jane Reichel,
Crystel Wisozk,
Chris Stanton,
Wilson Hilll,
Laurine Thiel,
Jerry Bechtelar,
Ethyl Flatley,
Mafalda Lang,
Evalyn Altenwerth,
Lucie Becker,
Nelle Renner,
Brown Koelpin,
Candida Rath,
Maia Legros,
Billy Cummerata,
Claud Smitham,
Nikki Fahey,
Vita Hoeger,
Camron Sanford,
Ofelia Bernier,
Jovany Mosciski,
Yolanda Block,
Cordia Jones,
Guy Kulas,
Stephen MacGyver,
Willie Welch,
Kris Haag,
Devin Dach,
Darlene Schoen,
Aiden Bednar,
Merle Muller,
Theo Mayert,
Myrtle Dietrich,
Novella Will,
Jodie Prosacco,
Nolan Cummerata,
Mabel Altenwerth,
Fabiola Adams,
Lilliana Willms,
Aniya Cormier,
Cristal Tromp,
Griffin White,
Anjali Mertz,
Hassie Waters,
Gregorio Ruecker,
Amber Denesik,
Kaden Kemmer,
Jada Funk,
Clifton Altenwerth,
Pinkie Veum,
Karen Beier,
Ashlynn Connelly,
Ottilie Auer,
Elise Lowe,
Bertrand Labadie,
Marquis Kuvalis,
Cristal Bernhard,
Maynard Zieme,
Torrance Prohaska,
Samir Prohaska,
Dudley Abbott,
Mathilde Hudson,
Augustus Macejkovic,
Jacques Quitzon,
Johann Schulist,
Missouri Torphy,
Angelo Thompson,
Camren McLaughlin,
Rowland Ondricka,
Grady Bashirian,
Kale Weber,
Ludwig Mosciski,
Domenic Conn,
Orie Greenholt,
Marcelino Hansen,
Ivy Hammes,
Roxane Jaskolski,
Richard Farrell,
Howell Friesen,
Gavin Schuppe,
Gayle Graham,
Bernard Dooley,
Clemmie Hickle,
Ryder Brown,
Kari Cummings,
Amalia Douglas,
Domenico Carter,
Raul Kunde,
Garett Reynolds,
Leonie Zulauf,
Humberto Veum,
Adell Wisozk,
Dallin Lemke,
Francisca Shields,
Katrina Reinger,
Carlo Goodwin,
Kiarra Lehner,
Esther Glover,
Fredy Kling,
Estel Douglas,
Claud Nienow,
Frederique Carter,
Jayne Fisher,
Gianni Stamm,
Jillian Zulauf,
Elian Paucek,
Jasper Kreiger,
Emmet Tillman,
Wilhelmine Schuppe,
Rocio Sipes,
Salvatore Von,
Wilfred Rath,
Cletus Powlowski,
Keyshawn Schaden,
Whitney Kessler,
Carol Hand,
Sedrick Durgan,
Miguel Wiegand,
Jeremie Fahey,
Bettie Kuhic,
Verner Pollich,
Rosalia Hoppe,
Letha Witting,
Soledad Kutch,
Kristy Bartell,
Mohammed Von,
Vivianne Quigley,
Kevin Schuster,
Yvette Anderson,
Grady Erdman,
Dora Rice,
Jerald McCullough,
Jeanne Franecki,
Connie Moen,
Wendell Runte,
Juana Rowe,
Teagan Goldner,
Jazmin D'Amore,
Emmy Weissnat,
Norwood Zemlak,
Werner Steuber,
Hunter McGlynn,
Jaeden Cole,
Amiya Koepp,
Fidel Cremin,
Darion Emmerich,
Beaulah Hane,
Pascale Miller,
Euna Mann,
Lelia Boyer,
Adolfo Crooks,
Daron Tillman,
Zella Robel,
Alden Rutherford,
Dell Quigley,
Hermina Lang,
Creola Yundt,
Sierra Auer,
Orrin Pfeffer,
Hollis Paucek,
Eleonore Wehner,
Barrett Keeling,
Freddie Walker,
Jordyn Crona,
Beulah Lowe,
Faustino Mraz,
Grover Block,
Maegan Smitham,
Demetris Dickinson,
Margarett Ortiz,
Josefa McCullough,
Willie Haag,
Eileen Borer,
Lucie Flatley,
Brycen Fay,
Itzel Okuneva,
Irma Stroman,
Calista Wisoky,
Ethelyn Morissette,
Jeanie Sipes,
Marilou Lehner,
Maximillia Nitzsche,
Benjamin Farrell,
Jefferey Schmeler,
Manuela Hansen,
Zora Senger,
Olen Towne,
Marian King,
Stanton Borer,
Delfina Hintz,
Quinton Wolff,
Allene Nitzsche,
Dan Gutmann,
Alejandrin Marquardt,
Alfonzo Kozey,
Joana Friesen,
Jamaal Stiedemann,
Silas Muller,
Armand Bins,
Dovie Bradtke,
Rosalinda Morar,
Reggie Mohr,
Jeromy Christiansen,
Glennie Barton,
Liza Grant,
Murphy Jacobson,
Elijah Johnston,
Sabryna Fritsch,
Moriah Wuckert,
Tressa Koch,
Adaline Shanahan,
Cordie Bartoletti,
Madge Bechtelar,
Queenie Spinka,
Elliott Heathcote,
Ismael Ebert,
Bette Hauck,
Abe Becker,
Malvina Schmidt,
Layne Rice,
Ezequiel Nader,
Brent Gutkowski,
Margret Johnson,
Cayla Muller,
Charlie Dickens,
Raleigh Keebler,
Tanner Kassulke,
Birdie Rau,
Dallin Kunde,
Price Simonis,
Rhett Bayer,
Serena Carter,
Carleton Goodwin,
Rebeca Shields,
Nicole Nicolas,
Cleta Harvey,
Saige Herzog,
Vella Ortiz,
Victoria Grimes,
Arjun Jacobson,
Wellington Gorczany,
Lucienne Heller,
Christa Murray,
Chester McKenzie,
Sylvan Lindgren,
Americo Maggio,
Lilliana Kertzmann,
Sim Auer,
Camron O'Kon,
Buford Wehner,
Shania Schuppe,
Melvina Bashirian,
Merl Schaden,
Gregoria Davis,
Berry Metz,
Chelsie Torp,
Veronica Braun,
Carlos Frami,
Brandon Reinger,
Maxime Toy,
Selmer Pacocha,
Laurel Wisoky,
Jefferey Stoltenberg,
Evan Mohr,
Beulah Abshire,
Bertrand McClure,
Mack Crooks,
Dereck Parker,
Theodore Schaden,
Marco Hansen,
Carmella O'Conner,
Broderick Funk,
Hank Smith,
Rico Runte,
Crystal Crist,
Terrance Jerde,
Liana Jacobi,
Aliyah Ruecker,
Augustine Collier,
Mona Koepp,
Trenton McClure,
Jaylin Schulist,
Hallie Legros,
Jared Roberts,
Reina Schinner,
Reva Abshire,
Rashawn Trantow,
Richard Schmidt,
Amanda Borer,
Mose Little,
Donnie Olson,
Meaghan Glover,
Jade Smith,
Art Franecki,
Ofelia Spencer,
Dasia Kling,
Torrance Bednar,
Terrence Watsica,
Leta Dooley,
Lourdes Reynolds,
Saul Jaskolski,
Eileen Hand,
Antonina Price,
Harmony Kuhlman,
Twila Heidenreich,
Earlene Beatty,
Robbie Hane,
David Armstrong,
Iliana Mills,
Meta Schmidt,
Jorge Greenholt,
Maureen Klocko,
Rebecca Armstrong,
Trent Kovacek,
Adolph Cartwright,
Manuela Ryan,
Morton McClure,
Hector King,
Helen Ortiz,
Amelie Towne,
Wendell Koelpin,
Terry Fahey,
Casey Hermann,
Larry Block,
Furman Windler,
Jessy Conn,
Earnestine Deckow,
Fermin Sanford,
Bernita Torp,
Rex Gislason,
Maybelle Hackett,
Nellie Hagenes,
Emory Hoppe,
Cynthia Wolf,
Waylon Schmeler,
Megane Goldner,
Alfonzo Klein,
Christine Beier,
Gladyce Witting,
Mafalda Medhurst,
Shanelle Volkman,
Mariela Rath,
Marcelo Farrell,
Garry Hand,
Bryana Veum,
Adolfo Schaefer,
Barbara Wiegand,
Annie Skiles,
Bud Brown,
Rosamond Spencer,
Omer O'Kon,
Halie Cole,
Zoey Bailey,
Christian Braun,
Geovanny Ebert,
Emmanuel Goldner,
Estefania Bechtelar,
Edgar Schroeder,
Leda Wuckert,
Braulio Turcotte,
Jalen Little,
Pearl Stanton,
Felicita Stracke,
Cindy Vandervort,
Dax Ortiz,
German Orn,
Melisa Morar,
Dell Kilback,
Hollis Gusikowski,
Gisselle Crooks,
Opal Romaguera,
Gregory O'Reilly,
Abner Ebert,
Zane Smitham,
Arne Mann,
Otha Runolfsson,
Brice Wehner,
Ellsworth Stokes,
Consuelo Hegmann,
Gage Kuhn,
Obie Davis,
Mandy Raynor,
Candido Ankunding,
Ally Botsford,
Eldon Predovic,
Domenica Casper,
Trisha Schowalter,
Krystal Ferry,
Moriah Runte,
Albin Crona,
Amparo Schiller,
Drew Green,
Oleta Torp,
Maria Bins,
Marjory Hand,
Christa Ward,
Nicolette Greenholt,
Granville Bauch,
Kip Raynor,
Rafael Swift,
Scottie Ruecker,
Taurean Frami,
Ansley Purdy,
Reed Kuphal,
Layne Hammes,
Jana Baumbach,
Sandra Breitenberg,
Clemmie Daugherty,
Timmothy Labadie,
Tanya Jacobson,
Kolby Bergstrom,
Sammy Wiegand,
Katherine Emmerich,
Kaden Funk,
Edgar Conn,
Lea Hayes,
Lloyd Rowe,
Kiley Hilll,
Queen Koss,
Rodolfo Adams,
Russell Rolfson,
Friedrich Parisian,
Margarete Kling,
Izabella Lind,
Ivy Mante,
Lucy Smith,
Marcellus Breitenberg,
Sonia Morar,
Gabriella Pfannerstill,
Easton Cummerata,
Aliya Abshire,
Ezekiel Osinski,
Sabina Dickens,
Telly Barton,
Danika Lebsack,
Madilyn Sauer,
Lelah Ebert,
Rosalia Hodkiewicz,
Piper Von,
Angel Pacocha,
Unique Lind,
Darrell Schinner,
Justina Erdman,
Susanna Satterfield,
Melyssa Christiansen,
Turner Stracke,
Theron Gleason,
Pedro Kilback,
Annamarie Grady,
Sadye Kuvalis,
Hal Dicki,
Kian Bruen,
Domingo Leffler,
Ezra Macejkovic,
Ocie Mayer,
Alana Kutch,
Mattie Halvorson,
Jaquelin Senger,
Mitchell Champlin,
Alta Wilderman,
Guiseppe Feest,
Winston Marvin,
Mallory Lehner,
Shirley Stoltenberg,
Keven Cassin,
Betsy Parker,
Ashlee Schmidt,
Elise Franecki,
Aditya Bogan,
Charity Wolf,
Katrine Olson,
Grant Johnston,
Marcelina Rogahn,
Isabell Morar,
Kristoffer Marvin,
Arden Lueilwitz,
Megane Bailey,
Zola Gusikowski,
Ahmed Mills,
Danika Renner,
Orlando Runte,
Rhoda Conroy,
Alene Walker,
Erich Bauch,
Ward Reinger,
Kellen Rodriguez,
Dax Simonis,
Mireya Cremin,
Larissa Schroeder,
Urban Harris,
Edythe VonRueden,
Orlo Roberts,
Mohammed Schoen,
Gayle Crona,
Gerhard Wolff,
Magnus Koss,
Clark Swaniawski,
Neal Hirthe,
Manley Connelly,
Nadia Gaylord,
Enoch Bartoletti,
Jalyn Dickinson,
Olin Sauer,
Garrick Spencer,
Sterling Beahan,
Dayne Rolfson,
Telly Collier,
Oscar Von,
Ayla Becker,
Clark O'Connell,
Helena Labadie,
Maximo Lindgren,
Assunta Turner,
Korbin Deckow,
Therese Brakus,
Ron Lesch,
Evie Mayert,
Ezra Mertz,
Alaina Kihn,
Aylin Hermiston,
Patsy Volkman,
Araceli Braun,
Rosalinda Gleichner,
Ben Fay,
Concepcion Kassulke,
Darryl Zboncak,
Virgil Orn,
Oliver Pollich,
Elenora Little,
Herbert Macejkovic,
Santino Wilkinson,
Adah Kulas,
Raina Murazik,
Rusty Heathcote,
Drake Kuhn,
Natalie Price,
Kasandra Rempel,
Kendra Beier,
Destinee Becker,
Lizzie Koepp,
Dale Kuvalis,
Georgette Schinner,
Mekhi Gislason,
Jerrell Jerde,
Jewell Dicki,
Soledad Goldner,
Susanna Stamm,
Maida Boyer,
Santino Medhurst,
Maverick O'Conner,
Magdalena Osinski,
Gerardo Gutkowski,
Augustine O'Hara,
Quinn Kilback,
Verlie Powlowski,
Arvid Fritsch,
Daniella Kulas,
Mortimer Fritsch,
Rowena Stanton,
Betsy Schultz,
Adele Fisher,
Keith Monahan,
Gilda Cassin,
Eula Klocko,
Mercedes Brown,
Agnes Marquardt,
Lenore Stehr,
Abelardo Smitham,
Braeden Parisian,
Norberto Leffler,
Rickie Cormier,
Shayna Runte,
Nolan Hettinger,
Micheal Jerde,
Erling Hoeger,
Finn Bernhard,
Blake Boyle,
Weston Muller,
Shad Stiedemann,
Santiago Brown,
Kurt Schimmel,
Sidney Quigley,
Alison Abshire,
Julian Orn,
Catharine Bartell,
Sofia Braun,
Wendy Leannon,
Lilliana Gaylord,
Alexandro Stark,
Eldon Swaniawski,
Lavern Schmidt,
Torrey Wilderman,
D'angelo Rohan,
Ottis Kovacek,
King Hickle,
Anika Hand,
Albin Bartoletti,
Dennis Ernser,
Sophie Rath,
Cassie Spencer,
Dorcas Parker,
Aurore Boehm,
Jackeline Gleason,
Noemy Ebert,
Zackery Klocko,
Melody O'Hara,
Briana Nolan,
Derek Mertz,
Hester Stark,
Dominique Schneider,
Ernestina Leffler,
Loren Ryan,
Carolyn Thiel,
Jerod Herzog,
Nya Leffler,
Lorenz Stehr,
Emilie Mitchell,
Micheal Hintz,
Esta Ryan,
Keanu Breitenberg,
Rosina McGlynn,
Verona O'Keefe,
Ollie Windler,
Jany Hartmann,
Earnest Roob,
Name Nitzsche,
Jon Hessel,
Alvera Brown,
Eleazar Schimmel,
Domenica O'Kon,
Alysha Jacobs,
Mackenzie Trantow,
Alexandro Crist,
Dane Kshlerin,
Imani Koss,
Uriel Donnelly,
Retta Spinka,
Abigayle Sporer,
Lauretta Jaskolski,
Brenna Kunde,
Cindy Prohaska,
Reid Ortiz,
Terry Huel,
Meaghan Mueller,
Rod Jakubowski,
Jerry Treutel,
Scarlett Reilly,
Tito Swaniawski,
Gaetano Mitchell,
Kayleigh Gaylord,
Salvador O'Keefe,
Jayden Kerluke,
Moshe Aufderhar,
Charlie Effertz,
Craig Kulas,
Terrance Carroll,
Hollie Braun,
Kira Grimes,
Richard Toy,
Emmy Daugherty,
Zander Hettinger,
Erwin Lind,
Fannie Block,
Gideon Koch,
Hayden Gottlieb,
Antonio Bahringer,
Jordyn Bogisich,
Bennie Crooks,
Gunner Rippin,
Lisette Schiller,
Margarett Runolfsson,
Deja Dibbert,
Johanna Krajcik,
Abbigail Boyer,
Anastacio Lueilwitz,
Ellie Kemmer,
Shane Cummerata,
Reyes Jast,
Ola Schowalter,
Bailee Wolff,
Shannon Gutmann,
Katharina Bahringer,
Archibald Williamson,
Mortimer Lueilwitz,
Nettie Kuphal,
Lavinia Ankunding,
Wilma Hessel,
Genevieve Doyle,
Rogelio Reilly,
Tamara Connelly,
Kari Littel,
Raphael Rogahn,
Wilburn O'Connell,
Giovanni Rogahn,
Eldora Kreiger,
Conor Bode,
Nick Dietrich,
Winona Mante,
Clemmie Stroman,
Shyann Rippin,
Jamar Bashirian,
Breana O'Hara,
Torey Rath,
Carey Stehr,
Linnea O'Keefe,
Destini D'Amore,
Amiya Schuppe,
Americo Kuphal,
Malachi Crooks,
Octavia Nolan,
Corrine Brown,
Ivy Konopelski,
Abelardo Upton,
Sanford McGlynn,
Zoey Kuhic,
Finn Hansen,
Maye Satterfield,
Gilbert Wunsch,
Mable Kuhic,
Ryder Smitham,
Dejuan Lind,
Helene Hegmann,
Moses Becker,
Aniya Carroll,
Florence Jacobs,
Sadie Wolff,
Breana Mayer,
Angela Abernathy,
Iva Haag,
Torey McDermott,
Sincere Wilkinson,
Theresa Stiedemann,
Saige Daugherty,
Shad Waelchi,
Ladarius Davis,
Osborne Beer,
Lexus Kemmer,
Sandra Toy,
Nellie Ankunding,
Colton Haag,
Perry Green,
Lexie Walsh,
Jayce Cole,
Dina Tromp,
Harry Stokes,
Claud Kerluke,
Aaron Glover,
Alia Bartell,
Frederic Schowalter,
Frederic Stamm,
Colton Ziemann,
Ressie Lakin,
Jayce Schaefer,
Ronny Tromp,
Emanuel Gerhold,
Tito Abbott,
Destini Spencer,
Maureen Johnson,
Heath Cole,
Angela Schneider,
Gianni O'Hara,
Zelda Volkman,
Fatima Cremin,
Lilian Dare,
Michelle Smith,
Rosetta Hyatt,
Mylene Larson,
Clyde Runolfsson,
Breana Upton,
Lamar Hahn,
Berniece Steuber,
Jordane Wisoky,
Alexa Schulist,
Jade Berge,
Zelma Leffler,
Remington Kuhlman,
Josie Thiel,
Kayden Schimmel,
Moriah Emard,
Jackeline Turcotte,
Emmie Ebert,
Evan Tremblay,
Maiya Hackett,
Judah Corkery,
Elenora Leuschke,
Casper Wolff,
Terry Beatty,
Darrion Terry,
Gertrude Emard,
Brody Gerhold,
Destini Strosin,
Matilda Raynor,
Kevon Bartoletti,
Grover Green,
Juwan McGlynn,
Larry Lynch,
Mortimer Reichert,
Cleora Nader,
Stephanie Bednar,
Ayana Bailey,
Everett Hackett,
Colten Windler,
Winona Nikolaus,
Torey Volkman,
Edwin Boehm,
Mireille Champlin,
Jalen Nienow,
Kennith Baumbach,
Zoila Balistreri,
Zane Dickens,
Candida Morissette,
Hertha Kozey,
Keon Doyle,
Amira Harris,
Garth Quigley,
Bryce D'Amore,
Arvid King,
Tanner Hoppe,
Clinton DuBuque,
Delmer Lueilwitz,
Sanford Deckow,
Mireya Beahan,
Arlene Crona,
Hildegard Borer,
Karine Will,
Scottie Bashirian,
Afton Dooley,
Rudy Watsica,
Rosanna Stracke,
Lloyd Fay,
Vicenta Zboncak,
Felton Bradtke,
Kris Breitenberg,
Bret Predovic,
Clementine Mills,
Fernando Boehm,
Renee Greenholt,
Lamont Koepp,
Kaya McDermott,
Janie Greenholt,
Presley Huel,
Bruce Lehner,
Mckenna Moore,
Ashtyn Davis,
Wilber Wuckert,
Raegan Heathcote,
Ozella Dickinson,
Jeremy Mueller,
Rosario Kiehn,
Brisa Jacobs,
Cory Dickinson,
Bertha Lind,
Ena Bechtelar,
Trycia Kozey,
Watson Monahan,
Raymond Goldner,
Pierre Bergnaum,
Keven Douglas,
Dustin Runolfsson,
Wiley Ryan,
Elissa Volkman,
Carolina Kutch,
Jovanny Beatty,
Alan Bergstrom,
Dallas Schmitt,
Anabel Crona,
Maribel Mante,
Randall Altenwerth,
Sophia Hoppe,
Magnolia Skiles,
Valentina Terry,
Vena Abernathy,
Vladimir Gutmann,
Jodie Abshire,
Sasha Tromp,
Serenity Mueller,
Kale Quitzon,
Reba Cartwright,
Esta Kris,
Isabella Spencer,
Emmitt Wintheiser,
Tyreek Sanford,
Reymundo Braun,
Terence Kohler,
Doyle Smitham,
Bertha Hessel,
Kristopher Schinner,
Jennifer Kemmer,
Gracie Rutherford,
Martine Bernhard,
Imogene Reilly,
Evelyn Bogan,
Mikayla Wilderman,
Ryleigh Zemlak,
Isac Stamm,
Korey Sanford,
Howell Cormier,
Wiley Konopelski,
Brenna Blanda,
Marisol Bernier,
Violette Tromp,
Garrison Beer,
Mackenzie D'Amore,
Darren Jaskolski,
Kailyn McGlynn,
Mac Orn,
Elliot Conroy,
Talon Turner,
Demarco Hilpert,
Jose Hartmann,
Adalberto Fahey,
Lina Hahn,
Werner O'Hara,
Cecelia Metz,
Georgianna Dach,
Zander Rosenbaum,
Jamir Rutherford,
Dorcas Rippin,
Rogers Wiegand,
Chandler Ledner,
Josiah Hodkiewicz,
Thalia Gleichner,
Elouise Wisoky,
Rosario Willms,
Craig Welch,
Roma Leannon,
Jerald Wisozk,
Javonte Kovacek,
Joana Spinka,
Hal Mertz,
Jeanette Gusikowski,
Edwardo Vandervort,
Octavia Mills,
Ashly Spencer,
Destiney McKenzie,
Orland Klocko,
Eliza Quigley,
Kiarra Reilly,
Lew Beer,
Amber Yost,
Diana Williamson,
Hilton McLaughlin,
Jewel Schinner,
Cassandre Wolff,
Margarette Parisian,
Adelia Kihn,
Jaunita Bins,
Gwen Powlowski,
Reid Von,
Brandt Eichmann,
Earnestine McKenzie,
Conrad Rogahn,
Pearline Strosin,
Reyna Okuneva,
Art Huel,
Sammie Lebsack,
Jimmy Walker,
Makenzie O'Kon,
Delaney Sauer,
Lloyd Walker,
Brian Considine,
Craig Bogan,
Larissa Lynch,
Geovanny Beer,
Callie Gorczany,
Janet Gleason,
Koby Cummerata,
Bettye Collins,
Sandy Lynch,
Rylee Ryan,
Rahsaan Harvey,
Winona Okuneva,
Dolly Botsford,
Zaria Terry,
Wallace Hoeger,
Guy Greenholt,
Ashley Blick,
Gilberto Mills,
Lois Breitenberg,
Taryn Greenfelder,
Onie Homenick,
Michelle Moen,
Diana Huels,
Nathaniel Moore,
Lulu Bogan,
Morton Greenholt,
Ian Hodkiewicz,
Mohammed Douglas,
Boris Herman,
Israel Kunze,
Yasmine Kshlerin,
Maryse Funk,
Wilton Cummings,
Bulah Dach,
Okey Gaylord,
Eloy Schroeder,
Katheryn Bergstrom,
Earl Pollich,
Alene Sanford,
Russ Schowalter,
Adrianna Kovacek,
Krystina Hauck,
Vicky Corwin,
Augusta Brakus,
Mattie Mraz,
Theresia Spencer,
Casper Barton,
Ferne Swift,
Madisyn Ruecker,
Kathryne Harber,
Wanda Ernser,
Katlynn Brekke,
Scottie Abernathy,
Megane Mosciski,
Jasmin Raynor,
Kassandra Osinski,
Carole Stoltenberg,
Lela Turner,
Ted Harris,
Bartholome Borer,
Edgar Towne,
Kianna Howell,
Norene Heidenreich,
Rosalee Konopelski,
Dortha Koch,
Beatrice O'Hara,
Katherine Pfeffer,
Ursula Jacobi,
Raegan Quigley,
America Mosciski,
Cornelius Kshlerin,
Marie Rowe,
Kayleigh Schuppe,
Cara Shanahan,
Lawson Rippin,
Raphaelle Botsford,
Syble Hoeger,
Kole Kirlin,
Lizeth Bechtelar,
Eddie Witting,
Gregorio Dicki,
Colton Kunze,
Bernadine Mitchell,
Carmen Medhurst,
Orlo Kohler,
Kristopher Crona,
Carley Schamberger,
Dewitt Grant,
Lorine Mante,
Yessenia Lubowitz,
Alejandrin Lockman,
Tremayne Hartmann,
Clotilde Kutch,
Jacquelyn Stroman,
Judge Swaniawski,
Aliya Paucek,
Delores Feil,
Lottie Reinger,
Josiane Hagenes,
Anais Terry,
Andreane Brekke,
Lucinda McLaughlin,
Thurman Walker,
Raven Schumm,
Aaron Labadie,
Brendan Price,
Marquise Schimmel,
Zoe Tillman,
Scot Goodwin,
Lysanne Beer,
Dario Price,
Myrtice Steuber,
Cara Haag,
Berry Bins,
Perry Yundt,
Tyreek Senger,
Elouise Schulist,
Jude Rolfson,
Alda Harris,
Wanda Balistreri,
Fay Yost,
Tristian McLaughlin,
Mavis Medhurst,
Gabriella Volkman,
Henriette Frami,
Elisha Hoppe,
Audra Walter,
Sigrid Schiller,
Estrella VonRueden,
Scotty Wehner,
Kennedi Morissette,
Elbert Welch,
Kassandra Bins,
Randy Frami,
Darien Nicolas,
Edward Treutel,
Anibal Murphy,
Hailie Dicki,
Violet Runolfsdottir,
Wendell Dicki,
Corrine Kassulke,
Ahmed Veum,
Augusta Huels,
Rasheed Konopelski,
Emory Graham,
Margret Jacobson,
Myrtice Okuneva,
Okey Macejkovic,
Lenore Langosh,
Maritza Adams,
Aric Ryan,
Sophie Hoppe,
Eleonore McGlynn,
Darius Bergstrom,
Chanel Purdy,
Zetta Hermann,
Shana Ratke,
Gilda Vandervort,
Elza Daniel,
Lavinia Wiza,
Camden Schaden,
Jodie Johns,
Cicero Lemke,
Eldora Kilback,
Kaleigh Hand,
Kaley Schiller,
Sheila Doyle,
Regan Jacobi,
Triston Farrell,
Mazie Bradtke,
Cullen Green,
Everardo Sauer,
Parker Durgan,
Maegan Ullrich,
Travon Hermiston,
Thad Gleichner,
Valentine Blanda,
Deondre Koepp,
Ettie Franecki,
Berry Wehner,
Liliana Jaskolski,
Douglas Runte,
Dora Hauck,
Orion Corwin,
Anna Murphy,
Ted Dietrich,
Jose Oberbrunner,
Lincoln Stroman,
Weldon Jacobs,
Gerda Graham,
Marquise Osinski,
Abbey Batz,
Elmer Beatty,
Lorenz Waters,
Rusty Carter,
Monique Oberbrunner,
Agustin Ortiz,
Bridie Hackett,
Emmet Sanford,
Chaim Schiller,
Davion Miller,
Allen Wilderman,
Dax Toy,
Tia Pagac,
Garry Bradtke,
Coty Pfannerstill,
Kameron Gerhold,
Tanya Pacocha,
Lawrence Schmidt,
Vicenta Kerluke,
Emmy Treutel,
Nikita Mosciski,
Summer Nienow,
Ruthie Maggio,
Lenore Jacobson,
Maddison Bailey,
Damien Emmerich,
Rico Paucek,
Dina Blanda,
Dino Mayert,
Ralph O'Kon,
Reed Purdy,
Carroll Schuppe,
Gaylord Greenfelder,
William Upton,
Adela Batz,
Mariah Ledner,
Jayden Graham,
Lina Heathcote,
Jayme Corkery,
Talia Anderson,
Edgar Bernhard,
Brayan Greenfelder,
Casimir Runolfsson,
Terrell Towne,
Bennie Walker,
Javon Rath,
Kacey Hahn,
Christiana Fahey,
Viviane Kuhlman,
Emmett Runte,
Devan Rowe,
Doyle Grady,
Electa Nader,
Serenity Schowalter,
Ansel O'Kon,
Leda Schowalter,
Chandler Terry,
Tatum Jacobs,
Ulices Greenholt,
Maxine Dooley,
Jeromy Weissnat,
Zakary Donnelly,
Freeda Pagac,
Alexandrine Rath,
Felipa Brakus,
Rosalia Runte,
Kennedi Schultz,
Monty Blick,
Cassandre Koelpin,
Corbin Harber,
Leda Runolfsson,
Ward Brekke,
Lula Streich,
Chelsie Nitzsche,
Lester Lueilwitz,
Kaylin Zemlak,
Fredy Frami,
Ronny Zboncak,
Harmon Powlowski,
Malika Rowe,
Kay Satterfield,
Rebeka Cartwright,
Addison Ernser,
Karlee Purdy,
Joesph Schulist,
Bennett Schoen,
Prince Bosco,
Viola Bartell,
Monica Runolfsson,
Gideon Monahan,
Yvonne Gleason,
Bernadine Hagenes,
Leta Howe,
Devon Reilly,
Annetta Kreiger,
Iva Lakin,
Jena Legros,
Sophia McDermott,
Estell Koch,
Davonte Thiel,
Jeramie Daugherty,
Clinton Ebert,
Alessandra Kihn,
Braulio Bruen,
Dannie Dach,
Jesus Mraz,
Brooklyn Wilkinson,
Zack Stoltenberg,
Green Grady,
Akeem Greenholt,
Cayla Lockman,
Misty Rippin,
Russell Swift,
Mohammed Dickinson,
Rusty Denesik,
Shanny Gulgowski,
Stevie Grady,
Deshaun Wuckert,
Rosetta Wisoky,
Martin Yost,
Tiffany Bednar,
Jovan Koss,
Elody Botsford,
Gustave Hermann,
Ross Kulas,
Dusty Kohler,
Vallie Gulgowski,
Kathryn Bechtelar,
Brigitte Vandervort,
Percival Ankunding,
Mike Kunde,
Lowell Rutherford,
Gerardo Bernhard,
Elsie Mosciski,
Yvette Ernser,
Hilda Hermiston,
Marlee Cruickshank,
Waldo Kuvalis,
Arvilla Jaskolski,
Merlin Orn,
Ramiro Bartell,
Ned Aufderhar,
Eliza Dickens,
Queenie Fadel,
Zoie Gerlach,
Maverick Langworth,
Aaron Boehm,
Gordon Hackett,
Aisha Kuhlman,
Icie Hilpert,
Johathan Reichel,
Charles Braun,
Allison Leannon,
Baylee Gislason,
Lula Lebsack,
Felipa White,
Joey Effertz,
Jarred Gerhold,
Imelda Dach,
Autumn Lubowitz,
Josie Pouros,
Marlen Nolan,
Ambrose Nitzsche,
Burnice Smith,
Dimitri Mertz,
Flavie Koch,
Clementine Fritsch,
Monroe Collier,
Vernie Cruickshank,
Guadalupe VonRueden,
Mae Spencer,
Demario Flatley,
Johnpaul Connelly,
Kallie Stehr,
Dorthy Volkman,
Kelsie Murray,
Don Lynch,
Ezekiel Gutmann,
Frederick Bechtelar,
Sage Schinner,
Liana Lindgren,
Alvina Weissnat,
Johan Cormier,
Columbus Schmitt,
Yasmine Beer,
Frederik Sipes,
Hosea Wuckert,
Filiberto Marks,
Domenick Bednar,
Larissa Bartoletti,
Louie Kovacek,
Duncan Murazik,
Fredy Rogahn,
Lynn West,
Arnoldo Kuhic,
Rasheed West,
Dominique Halvorson,
Quinton Terry,
Isaac Grady,
Kellie Johnson,
Neil Predovic,
Napoleon Harber,
Rhett Ziemann,
Augustine Streich,
Della Raynor,
Olaf Krajcik,
Leanne Stark,
Gina Homenick,
Erwin Olson,
Al Bahringer,
Juliana Daniel,
Willis Parisian,
Imani Murazik,
Vito Stehr,
Elnora Hills,
Kamryn Predovic,
Cesar Cassin,
Drew Christiansen,
Arvid Paucek,
Robb Johnson,
Nora Shields,
Ivory Mayer,
Pietro Blick,
Bradford O'Conner,
Samanta Shields,
Rosalind Berge,
Camille Feil,
Shanel Lynch,
Zander Skiles,
Laisha Shanahan,
Stella Harber,
Mollie Quigley,
Beulah Ankunding,
Else Sanford,
Zachariah Beier,
Rowan Labadie,
Aleen Anderson,
Lucas D'Amore,
Davion Okuneva,
Cleveland Hyatt,
Viola Carroll,
Otis Torp,
Frieda Metz,
Deonte Dooley,
Florencio Steuber,
Chaim Beer,
Beulah Moore,
Lesly Rowe,
Juliana Dach,
Macey Hayes,
Bo Nader,
Rubye Morar,
Mae Fadel,
Delaney Lindgren,
Jana Sipes,
Chadrick Gusikowski,
Marielle Rath,
Juvenal Beer,
Jake Hermiston,
Braxton Feest,
Rupert Stamm,
Justina Waters,
Merl Yost,
Mona Homenick,
Torrance Emmerich,
Kirsten Grant,
Lenny Collier,
Chesley Schultz,
Stanton Sawayn,
Elouise Cartwright,
Vivianne Bosco,
Samson Glover,
Paul Doyle,
Beaulah Homenick,
Brisa Medhurst,
Amos Funk,
Teagan Hodkiewicz,
Zola Heller,
Aiden Turcotte,
Domingo Gutmann,
Barry Ferry,
Bette Christiansen,
Ward Connelly,
Ellis Blick,
Earnestine Green,
Deborah Yost,
Sasha Waelchi,
Mason Hickle,
Gia Bartell,
Lance Bergnaum,
Jace Maggio,
Alec Rowe,
Lorna Hoppe,
Eino Zieme,
Micaela McClure,
Nathanael Considine,
Pattie Gleichner,
Izabella Bosco,
Alene Hahn,
Alexandro Wisozk,
Cordelia Ledner,
Orlo Greenholt,
Randy Lynch,
Jada Schulist,
Wendell Gulgowski,
Judy Renner,
Karina Kutch,
Chloe Volkman,
Cielo Marquardt,
Octavia Abernathy,
Ona Murphy,
Emanuel Robel,
Webster Hodkiewicz,
Nannie Hauck,
Jazmin O'Hara,
Otho Kohler,
Nichole Stroman,
Elise Kassulke,
Natasha Fay,
Wiley Wuckert,
Gilberto Schneider,
Consuelo Rice,
Aliya Wolf,
Colton Gleichner,
Albina Wyman,
Jane Rempel,
Soledad Runolfsdottir,
Elmo Mueller,
Stephany Jacobson,
Nickolas VonRueden,
Lenny Robel,
Brandt Halvorson,
Jana Purdy,
Gregorio Lueilwitz,
Trudie Bernier,
Antonietta Huel,
Morgan Wehner,
Selina Ledner,
Adalberto Feest,
Stephen Kunde,
Merlin Cummings,
Ruby Hettinger,
Kathlyn Stokes,
Dewitt Cartwright,
Sabrina Marks,
Imelda Botsford,
Alexandria Sipes,
Karen Volkman,
Janet VonRueden,
Jennings Cronin,
Oran Lubowitz,
Jewell Beatty,
Joanie Heidenreich,
Milo Berge,
Lorenz Spencer,
Tania Rosenbaum,
Elmira Glover,
Letha Howe,
Terry Renner,
Dena Gottlieb,
Sydney Sipes,
Heather Runte,
Alexanne Anderson,
Imani Funk,
Roxanne Gleichner,
Daisha Gleichner,
Shawn O'Kon,
Vincenza Klein,
Justyn Hermann,
Jacey Schaden,
Santino Mitchell,
Lisette Frami,
Kelli Steuber,
Easton Swift,
Kobe Huels,
Corine Lindgren,
Esmeralda Wiegand,
Rowland Collins,
Tyrique Terry,
Linwood Nienow,
Korbin Krajcik,
Allene Smith,
Karl Graham,
Emmett Buckridge,
Kacie Kuhic,
Jailyn Greenfelder,
Rosie Moore,
Maximillian Macejkovic,
Elroy Nolan,
Mabelle Ebert,
Freeman Harris,
Malvina Ruecker,
Marietta Hodkiewicz,
Trisha Koelpin,
Elyse Corkery,
Dejuan Quitzon,
Jeffery Roberts,
Catherine Casper,
Hadley Morar,
Danika Stanton,
Ole Heller,
Lora Hayes,
Kale Lindgren,
Tyrel West,
Jose Harris,
Oma Schinner,
Rhett Kunze,
Gussie Bins,
Anabel Beahan,
Nestor Krajcik,
Chaz Beatty,
Sammie Walsh,
Mercedes Marvin,
Prince Cartwright,
Saige Emmerich,
Adela Rosenbaum,
Evalyn Roob,
Marcelino Zulauf,
Joany Grady,
Adolphus Kiehn,
Eldon Labadie,
Zachery Baumbach,
Ivah Kiehn,
Loyce Zieme,
Fabian Kutch,
Stefanie Considine,
Modesta Champlin,
Brisa Veum,
Dina Gleichner,
Dorthy Wunsch,
Gerson Langworth,
Gina Conroy,
Floyd Welch,
Lester Medhurst,
Rachelle Hodkiewicz,
Abdiel Hermann,
Andy Roob,
Gideon Greenfelder,
Lexie Grady,
Newell Gerhold,
Precious Schultz,
Merl Shanahan,
Macy Funk,
Edythe Cronin,
Kacie O'Keefe,
Kaylie Carroll,
Carmelo Funk,
Madelynn Moore,
Cielo Gislason,
Destiney Grant,
Zechariah Corkery,
Katheryn Johns,
Kacey Goodwin,
Kenny Little,
Rocio Cronin,
Lavern Ferry,
Vicente Armstrong,
Jamel Wuckert,
Dorris Towne,
Timmy Farrell,
Clementine Kerluke,
Vance Dickinson,
Herman Kunze,
Rogers Runolfsson,
Darrion Swift,
Abagail Rice,
Davon Blick,
Joshuah Leffler,
William Bernier,
Fae Robel,
Margot Hahn,
Mikel Glover,
Savion Kovacek,
Ethan Ankunding,
Emery Botsford,
Eliane Schneider,
Filiberto Koch,
Aliza Jakubowski,
Vernie Armstrong,
Sven Daugherty,
Cortez Rohan,
Ludie Fahey,
Augusta Bartell,
Larissa Brekke,
Hulda Daugherty,
Candelario Rutherford,
Mozelle O'Kon,
Gwendolyn Windler,
Pierre Zulauf,
Jeremie Kuphal,
Trace McCullough,
Wyman Purdy,
Joan Conroy,
Kyla Simonis,
Kristy Heller,
Edward Turcotte,
Alison Howell,
Heidi Schinner,
Selmer Mohr,
Ludwig Hermann,
Chance Zemlak,
Rosetta Balistreri,
Cody McDermott,
Myriam Davis,
Omari Homenick,
Dora Medhurst,
Jaden Little,
Erik Waelchi,
Paris Spinka,
Felix Franecki,
Reagan Reichel,
Nova Monahan,
Giovanny Rempel,
Filiberto Halvorson,
Moshe Carroll,
Abigayle Price,
Orville Wisoky,
Amira Lakin,
Nakia Bashirian,
Jimmie Okuneva,
Mercedes Beatty,
Bradley Dicki,
Carmen Hilpert,
Palma Buckridge,
Isadore Carroll,
Robert Weissnat,
Obie Green,
Madyson Schultz,
Ima Schmeler,
Philip Schumm,
Clair Harris,
Alan Boehm,
Walton Keeling,
Abe Hartmann,
Leonel Hodkiewicz,
Merlin Osinski,
Gerda Wisozk,
Kailee Schimmel,
Johathan Purdy,
Judah Hintz,
Jordan Koelpin,
Gianni Ziemann,
Kaleigh Anderson,
Dean Shanahan,
Javon Schimmel,
Dayna Miller,
Kamron Lowe,
Eliane Towne,
Marley Schowalter,
Garrett Wolff,
Gavin Hamill,
Rosalyn Kerluke,
Cassie Schmeler,
Olaf Cronin,
Clement Hauck,
Shania Romaguera,
Naomie Hudson,
Kevin Grant,
Tessie Klein,
Aliyah Gleichner,
Alexandria Gorczany,
Alejandra Jones,
Sandrine Flatley,
Celia Rice,
Arno Runolfsson,
Alvina Jenkins,
Sylvan Lemke,
Veda Howell,
Stone Schuppe,
Jonas Osinski,
Marlon Botsford,
Eddie Keebler,
Sienna Hackett,
Enrique Koss,
Remington Stracke,
Juliana Simonis,
Eva Armstrong,
Myriam Kohler,
Faye Murazik,
Sasha Roberts,
Lizzie Stracke,
Elsa Vandervort,
Marta Goodwin,
Taya Steuber,
Morton Schowalter,
Christop Dickens,
Brenna Wolff,
Marcelino Wolf,
Zora Zulauf,
Kellen Turner,
Mason Terry,
Arch Gleason,
Keeley Tromp,
Nolan Jacobson,
Jillian Champlin,
Dangelo Considine,
Eda Roberts,
Javonte Barton,
Donato Fadel,
Sydnie Dickens,
Jonas Schumm,
Ansel Balistreri,
Parker Dicki,
Beatrice Bode,
Oscar Zulauf,
Dudley Price,
Alessandra Wehner,
Jefferey Boehm,
Nelle Aufderhar,
Pascale Harber,
Abigayle Schaden,
Orie Bashirian,
Beryl Romaguera,
Odie Effertz,
Alisa Champlin,
Zola Kemmer,
Aileen Casper,
Kevin Fay,
Danial Kozey,
Haskell Ernser,
Wade Rippin,
Theo Ullrich,
Lyla Hammes,
Nicole Gerhold,
Myrl Schaefer,
Mya Stanton,
Rubye Kovacek,
Sandra Graham,
Abigale Ward,
Nedra Emmerich,
Ernestine Sauer,
Nicholas Harris,
Aaliyah Boyle,
Sibyl Marvin,
Chance Berge,
Moses Fisher,
Vivianne Reichert,
Coby Barton,
Demario Brakus,
Camylle Shields,
Dee Pouros,
Gunnar Von,
Margaretta Grant,
Mabel Goodwin,
Gail Yost,
Alice D'Amore,
Tiffany Parisian,
Cayla Wolff,
Aubree Schumm,
Henry Metz,
Shanie Stracke,
Wendell Reichel,
Walker Veum,
Kayla Ruecker,
Jettie Johnson,
Miracle Hyatt,
Mathew O'Keefe,
Elroy Torp,
Skye Breitenberg,
Alec Ortiz,
Annetta Hahn,
Donavon Reynolds,
Lauryn Davis,
Adolphus Wintheiser,
Ulices Kertzmann,
Lempi O'Kon,
Roselyn Schiller,
Reese Schamberger,
Dejuan Balistreri,
Savanah Dooley,
Issac Auer,
Dangelo Mertz,
Dante Hauck,
Lela Harvey,
Alanis Schimmel,
Marlon Kuhlman,
Irving Casper,
Lavinia Dicki,
Al Kiehn,
Ignacio Bergstrom,
Savanna Quigley,
Hailey Morar,
Heidi Ullrich,
Nathen Blanda,
Santa Armstrong,
Oleta Wintheiser,
Carmelo Ebert,
Alejandra Berge,
Sven Cronin,
Isaiah Mertz,
Lottie Turcotte,
Arne Kozey,
Alice Torp,
Joey Stokes,
Colton Turner,
Petra Smith,
Piper DuBuque,
Jayden Feest,
Ryann Nolan,
Sigmund Robel,
Travon McClure,
Nicole Lind,
Davonte Crist,
Dangelo Gaylord,
Gustave Lesch,
Kaylee Wiegand,
Bart Reinger,
Libbie Mayer,
Craig Quitzon,
Tiana Daniel,
Kaci Morar,
Carolanne Ryan,
Elouise Wilderman,
Ara Bergstrom,
Fannie Dicki,
Audie Frami,
Jeffrey Gutkowski,
Corrine Wolff,
Larissa Blanda,
Alfreda Gerlach,
Adolphus Walter,
Emmet Gulgowski,
Flo Blick,
Noemie Rice,
Brandon Borer,
German Kling,
Delpha Littel,
Xander Torphy,
Dejah Mohr,
Carolyne D'Amore,
Joannie Hickle,
Heber Borer,
Winston Klocko,
Pierre Mosciski,
Laila Hermann,
Eula Schimmel,
Jovanny Davis,
Dorthy Graham,
Valentina Kovacek,
Lonzo Fadel,
Janis Kassulke,
Helmer Buckridge,
Luciano Schulist,
Myra Moore,
Euna Bashirian,
Althea McGlynn,
Julius Gutkowski,
Everett Rice,
Arnold Keeling,
Isaac Walsh,
Greyson Abshire,
Faustino Bernhard,
Angelina Boyer,
Theodore Bartell,
Garett Marvin,
Devonte Anderson,
Kiera Borer,
Therese Heathcote,
Kip Lemke,
Orion Mueller,
Margarita Monahan,
Ernestine Robel,
Holly Rohan,
Brendan Howell,
Enoch Goodwin,
Virgie Corkery,
Justen Kunde,
Andre Oberbrunner,
Quinten Stroman,
Malvina Pollich,
Orin Ortiz,
Zaria Monahan,
Shayna Prohaska,
Geovanni Strosin,
Clifford Baumbach,
Ivy Ledner,
Fermin Frami,
Gonzalo Deckow,
Carlotta Ryan,
Renee Feil,
Manuel Stracke,
Thora Rolfson,
London Strosin,
Berenice Beer,
Eldred Powlowski,
Fleta Batz,
Carlo Bode,
Hosea Mertz,
Jayne Krajcik,
Lester Braun,
Carter Greenholt,
Mitchell Daugherty,
Lenora Cronin,
Hilbert Hudson,
Fanny Hansen,
Jamal Mills,
Lauryn Macejkovic,
Florencio Bayer,
Ila Jenkins,
Scottie Lesch,
Tyrese Roob,
Santiago Reichel,
Mallie Rice,
Elijah Hahn,
Marley Jaskolski,
Estefania Rau,
Edmond Reichert,
Sydnie Schamberger,
Heath Hartmann,
Cornelius Dickens,
Jimmy Kuhic,
Amelie Larson,
Wyatt Keebler,
Burnice Berge,
Leonardo King,
Louie O'Connell,
Drew Hyatt,
Marcellus Kuvalis,
Dewitt Renner,
Bo DuBuque,
Ahmed Welch,
Alanis Cummerata,
Minerva Schulist,
Garrett Lebsack,
Tillman Trantow,
Marcella Kuhic,
Baron Rowe,
Destiny Parker,
Rocio Nader,
River Flatley,
Calista Casper,
Easter Jones,
Marlon Volkman,
Tessie Schmeler,
Fleta Bartell,
Walker White,
Aurelio Reichel,
Weldon Schaden,
Jeffery Eichmann,
Melvina Conn,
Retha Padberg,
Charley Jacobs,
Sylvia Schiller,
Heaven Treutel,
Edwardo Wolff,
Ruthe Dare,
Kevon O'Kon,
Jovanny Runolfsson,
Beau Wilkinson,
Enrico Kling,
Jordyn Jast,
Misael Heathcote,
Dejuan DuBuque,
Naomi Kuvalis,
Brent Morar,
Autumn Mayert,
Charlie Frami,
Rico Stehr,
Lilly Hintz,
Ronaldo Block,
Jaylon Schamberger,
Jonathon Flatley,
Yvette Steuber,
Genesis Collier,
Jerad Beer,
Guiseppe Beier,
Antone Olson,
Lavon Crist,
Opal Block,
Bertrand Terry,
Gilbert Witting,
Dylan Leuschke,
Joy Jakubowski,
Corene Schowalter,
Whitney Veum,
Madilyn Borer,
Roosevelt Greenholt,
Cullen Abshire,
Enid Homenick,
Zoila Feil,
Bertrand Lowe,
Everette Steuber,
Graham Keeling,
Reilly Raynor,
Bennie Wyman,
Lourdes Douglas,
Lydia Hilpert,
Breana Hansen,
Nelda Collier,
Donald Johns,
Jacques Jerde,
Eusebio Aufderhar,
Herta Gibson,
Vincenzo Littel,
Quinton Kunde,
Trevor Heidenreich,
Pedro Volkman,
Elvie Maggio,
Dominique Bode,
Jan Spencer,
Briana Marquardt,
Destiny Bradtke,
Lucienne Luettgen,
Clement Kunde,
Aracely Jerde,
Jake Bogan,
Ava Gulgowski,
Molly Hettinger,
Princess Tremblay,
Christian Schiller,
Ariel Muller,
Gennaro Kerluke,
Ward Bechtelar,
Jeramy Wiegand,
Juliet Abernathy,
Yoshiko Senger,
Dawn Considine,
Isom Williamson,
Cicero Streich,
Priscilla McKenzie,
Hipolito Will,
Rigoberto Carroll,
Tyrell Grimes,
Kiarra Marquardt,
Grace Lebsack,
Geraldine Kutch,
Ambrose Parisian,
Berry MacGyver,
Myron Auer,
Aditya Mills,
Mekhi Keeling,
Kelley Christiansen,
Darren Cormier,
Derrick Blanda,
Meggie Pacocha,
Brooklyn Lind,
Adelbert Kuhn,
Jillian Spencer,
Valentin Gorczany,
Rickie Pollich,
Brandyn O'Connell,
Chelsea Jerde,
Janelle Auer,
Richmond Lebsack,
Lucienne Kassulke,
Elena Krajcik,
Esteban Towne,
Marjorie Anderson,
Rubye Leannon,
Camilla Yundt,
Paxton Skiles,
Hal Kozey,
Rolando Walsh,
Estefania Jacobs,
Darlene Ledner,
Ashlee Simonis,
Katherine Hagenes,
Karen Cruickshank,
Sibyl Lemke,
Dannie Gleason,
Mayra Brakus,
Allen Torp,
Dominique Dickens,
Vicky Lowe,
Rebekah Kuhic,
Brant Zemlak,
Freeda Maggio,
Damaris Marvin,
Skyla Abernathy,
Jeff Gorczany,
Guido Bauch,
Verner Hamill,
Gisselle Predovic,
Lacey Corwin,
Hosea Ondricka,
Lamar Hilll,
Jaylen Stoltenberg,
Emmie Deckow,
Adonis Moen,
Era Bailey,
Eldora Boehm,
Savannah Lehner,
Alford Cormier,
Karelle Hessel,
Bernie Doyle,
Asa Swaniawski,
Roselyn Blanda,
Araceli O'Hara,
Cora Satterfield,
Wilma Wiza,
Jessyca Moen,
Moshe Beier,
Katharina Breitenberg,
Darren Hermann,
Randal Bauch,
Chyna Price,
Garry Welch,
Lyla Satterfield,
Payton Batz,
Greyson Raynor,
Derrick Graham,
Toby Huels,
Laila Turcotte,
Kelley Cole,
Carmel Nicolas,
Eunice Botsford,
Karson Littel,
Melvin Padberg,
Harmony Kuhlman,
Ozella Batz,
Tiffany Hartmann,
Kelsi Rowe,
Ardella Nader,
Rogelio Schaden,
Norma Konopelski,
Daryl Aufderhar,
Seth Champlin,
Dayana Ernser,
Berenice Flatley,
Rachael Ondricka,
Amos Schneider,
Yesenia Funk,
Kaylah McClure,
Frederick Schaefer,
Kylie Denesik,
Cedrick Pfeffer,
Maureen Rosenbaum,
Terry Hagenes,
Estrella D'Amore,
Bert Hyatt,
Dina Osinski,
Bella Watsica,
Weston Kassulke,
Noemi Moen,
Mackenzie Schroeder,
Elias Murphy,
Kaleigh McDermott,
Renee Durgan,
Jacques Bashirian,
Murl Rodriguez,
Leanna Stamm,
Haylee Collins,
Coty Ondricka,
Teagan Goyette,
Winona Rolfson,
Gail Streich,
Armani Weber,
Chester Kuhlman,
Josianne McClure,
Vanessa Spencer,
Elias Breitenberg,
Flavio Jaskolski,
Lyric Moen,
Clyde Carroll,
Ubaldo Gutkowski,
Wade Kerluke,
Brianne Jast,
Trent Langosh,
Terrence Hermann,
Alberta Torp,
Emmet Konopelski,
Ward Nicolas,
Minnie Parker,
Nellie Hermiston,
Mittie Considine,
Ferne Dooley,
Margot Johnson,
Gerardo Kshlerin,
Ryder Wisoky,
Alford Hagenes,
Carmela Kunde,
Eliezer Moore,
Bridie Gleason,
Herminio Schaefer,
Anya Raynor,
Juanita Grady,
Kolby Reilly,
Dena Lueilwitz,
Elinor Fritsch,
Abbie Gulgowski,
Harmon Stark,
Leda Skiles,
Kallie Cummerata,
Charlotte Wisozk,
Jamir Steuber,
Giovanny Hirthe,
Edna Mraz,
Adriel Ondricka,
Wilfredo Bechtelar,
Marcos Kilback,
Annabell Harber,
Hoyt Hirthe,
Marisol McLaughlin,
Cornell Krajcik,
Claudie Ziemann,
Dolores Becker,
Troy Durgan,
Jewell Dickinson,
Vern Funk,
Bart Mills,
Novella Roob,
Gabrielle Rohan,
Kimberly Hahn,
Johann Bogisich,
Elvis Huel,
Shany Heaney,
Elinor Connelly,
Karolann Mertz,
Destin Stark,
Camille Fahey,
Myron Flatley,
Jessyca Boyle,
Anderson Farrell,
Casimer Ortiz,
Donnell Rempel,
Felipe Satterfield,
Noemi Grant,
Laverna Jenkins,
Murphy Bartell,
Presley Reynolds,
Mabelle Koelpin,
Torey Pfannerstill,
Angela Hoppe,
Norris Gerlach,
Daren Hamill,
Jules Brown,
Carleton Larkin,
Anissa Beier,
Queen Gulgowski,
Hattie Mosciski,
Kirstin Brekke,
Kaitlin Monahan,
Ari Jakubowski,
Raymundo Waters,
Herta Kohler,
Randi Zemlak,
Julius Gleichner,
Kurtis Greenholt,
Casimer Schneider,
Paxton Leffler,
Tamia Walker,
Winfield Jast,
Jerald Feest,
Leo Hills,
Candelario Barrows,
Aliza Pagac,
Abigayle Ebert,
Emiliano Schaden,
Glennie Pfeffer,
Triston Wolf,
Janessa Greenfelder,
Yasmine Lubowitz,
Adolph Graham,
Mose Schaden,
Selina Prosacco,
Hosea Simonis,
Abdul Walter,
Arvid Turcotte,
Theodore Hirthe,
Lesley Wilkinson,
Ruben Schroeder,
Jermaine Hansen,
Bernard Lindgren,
Dane Feest,
Eric Langworth,
Olga Armstrong,
Ramiro Connelly,
Hayley Konopelski,
Bruce Little,
Evan Hayes,
Alexzander Borer,
Solon McLaughlin,
Augustine Parisian,
Kamron Harber,
Izaiah Olson,
Jeanie Ratke,
George Miller,
Mollie Haag,
Frida Hamill,
Dean Gislason,
Jeanette Schulist,
Kailee Feeney,
Aiyana Trantow,
Muriel Quitzon,
Marques Roberts,
Lacey Schimmel,
Robin Okuneva,
Bryce Rempel,
Kamille Dicki,
Sophie Gusikowski,
Mohamed Ledner,
Kristian Pfeffer,
Colton Emmerich,
Chelsie Emard,
Malcolm Schuster,
Stella Howell,
Maria Collier,
Candida Carroll,
Nestor Durgan,
Katherine Kuhn,
Jerrod Cremin,
Blake Mills,
Rosanna Bins,
Skyla Parisian,
Eleanore Roberts,
Tara Brekke,
Millie Rosenbaum,
Helena Beahan,
Barrett Harber,
Birdie Klocko,
Agustin Labadie,
Kayla Medhurst,
Ena Brekke,
Donald Koelpin,
Zella Ebert,
Zelda Corkery,
Arjun Greenholt,
Viviane Schaden,
Lolita Morissette,
Marie Larson,
Randy Heller,
Robyn Bahringer,
Oda Ankunding,
Citlalli Kreiger,
Anibal Sporer,
Grant Maggio,
Joyce Kautzer,
Elsa Boyer,
Annetta Fisher,
Everardo Russel,
Nora Armstrong,
Sabryna Johnson,
Raphaelle Larkin,
Hilario Senger,
Jennings Trantow,
Kathryne Bahringer,
Trenton Mayert,
Lucio Medhurst,
Daphney Orn,
Fabian Zieme,
Ruby Rempel,
Shaniya Kovacek,
Katarina Beier,
Lonny Mraz,
Loren Runolfsson,
Conor Nicolas,
Randal Nader,
Madisen Stark,
Tristian Gerhold,
Avery Roberts,
Prince Borer,
Mariane Prosacco,
Theron Purdy,
Nina Ruecker,
Kailyn Huel,
Catalina Larkin,
Lee Howell,
Allene Fritsch,
Ulices Keeling,
Macie Gulgowski,
Tatyana Haley,
Ora Ortiz,
Bernhard Grimes,
Eden Osinski,
Halie Rau,
Bryon Murray,
Sarah Watsica,
Jameson Kassulke,
Barton Marks,
Abner Tromp,
Joanie Dickens,
Robert Satterfield,
Angelina Franecki,
Virginia Rogahn,
Magnolia Lindgren,
Aileen Blanda,
Joey Howe,
Leslie Langworth,
Hosea Stroman,
Vivian Bauch,
Shaylee Bogan,
Gavin Lebsack,
Ramon Hegmann,
Mossie Rogahn,
Alena McClure,
Johnpaul Harvey,
Miller Hayes,
Earl Schuppe,
Alysson Raynor,
Micheal Lang,
Jaylin Daniel,
Dayana Witting,
Irving Feil,
Kathryne Ritchie,
Carrie Kulas,
Lexie Bashirian,
Shyanne Mills,
Brandy Marquardt,
Margarete Hickle,
Caesar Gibson,
Kristian Boyle,
Elmira O'Kon,
Camren Romaguera,
Jordi Kautzer,
Federico Dare,
Jadyn Marks,
Verna Braun,
Isabell Crist,
Stephan Schmeler,
Quinten Moen,
Maximilian Gerlach,
Favian Howell,
Mckenna Tremblay,
Jordi Lakin,
Marcellus Lang,
Athena Daniel,
Janice Pouros,
Blair McKenzie,
Lafayette Gleason,
Yesenia Gusikowski,
Ivy Rowe,
Gustave Legros,
Thora Dickinson,
Houston Halvorson,
Trace Corkery,
Ottilie Gerhold,
Caroline Stark,
Jane Wisozk,
Jasper Boehm,
Hans Breitenberg,
Demario Bernier,
Jedediah Abernathy,
Janessa Koelpin,
Zella Labadie,
Carmen Heaney,
Krystina Glover,
Chadd Altenwerth,
Hardy Pouros,
Tabitha Kunze,
Yasmin Beatty,
Angelina Dickens,
Bette Feest,
Leonor Stanton,
Creola Ward,
Celestine Howell,
Watson Wiza,
Dakota Dietrich,
Naomie Abernathy,
Keely Borer,
Lessie Monahan,
Giles Schultz,
Maximillia Buckridge,
Mable Gibson,
Darrel Tromp,
Maiya Lesch,
Monserrate Cruickshank,
Ellsworth Beatty,
Jermey Terry,
Mable Hermann,
Amy Spencer,
Trever Stark,
Jorge Hermann,
Everardo Swift,
Keven Daugherty,
Zion Medhurst,
Rylan Blanda,
Baylee Hettinger,
Kamren Rippin,
August Dibbert,
Javier Mertz,
Keanu Champlin,
Kira Kuhlman,
Frederick West,
Frieda Baumbach,
Neha Roob,
Andre Russel,
Hellen Larkin,
Tyler O'Conner,
Monroe Yundt,
Enola Schamberger,
Josefina Macejkovic,
Osbaldo Wolff,
Emiliano Botsford,
Eliane Daugherty,
April Miller,
Vesta Feil,
Robin Frami,
Anya Cummerata,
Craig Walter,
Oren Denesik,
Joanny Orn,
Blanca Bergnaum,
Rubie Bernier,
Iva Gerlach,
Everardo Dicki,
Vada Collins,
Yasmin Will,
Margarett Abernathy,
Sigrid Sauer,
Arielle Hoppe,
Kade Parisian,
Darius Lockman,
Brando Kshlerin,
Callie Fadel,
Etha Leuschke,
Natalie Stehr,
Raquel Pollich,
Wilton Breitenberg,
Augustine Thiel,
Lowell Lueilwitz,
Rowena Feest,
Violette Ziemann,
Edythe Steuber,
Kennith Bahringer,
Ignacio Pagac,
Ewell Jacobson,
Oda Lind,
Lance Cassin,
Sabrina Pouros,
Athena Kris,
Aurore Ebert,
Mossie Kemmer,
Cornell Huel,
Deondre Runolfsson,
Clemens Wilderman,
Melvina Lueilwitz,
Lauryn Schoen,
Major Marquardt,
Kip Cummings,
Alexandrea Raynor,
Susie Powlowski,
Shana Pouros,
Kevin Howe,
Anibal Kuvalis,
Michael Funk,
Gennaro Sporer,
Curt Ziemann,
Elmore Collins,
Imelda Willms,
Marisa Will,
Rosalee Lehner,
Frankie Kreiger,
Kaylee Nolan,
Kiera Farrell,
Jovanny Boyle,
Freeda Beier,
Josephine Boyer,
Arielle Schuppe,
Verna Kshlerin,
Marco Kiehn,
Evie Larkin,
Carmelo Cassin,
Nova Bins,
Shyanne Nader,
Arianna Douglas,
Wyman Dach,
Kay Berge,
Marina Wolff,
Jazmyn Kohler,
Eusebio Marvin,
Clinton Boyle,
Preston Kovacek,
Samir Lesch,
Gerda Friesen,
Houston Windler,
Finn Bergnaum,
Christina Kassulke,
Priscilla Schneider,
Briana Sipes,
Jamie Watsica,
Alford Breitenberg,
Amelia Rowe,
Isaias Schmeler,
Darby Kunze,
Renee Cronin,
Dayana Howell,
Virginie Halvorson,
Jacinthe Witting,
Kevon Gerlach,
Francisco Kuhn,
Henderson Kilback,
Florian Rogahn,
Milan Haag,
Wilfredo Swaniawski,
Kenyatta Rath,
Pasquale Lind,
Camila Ullrich,
Lawrence Hirthe,
Adonis Heidenreich,
Berniece Hilpert,
Rosendo Bins,
Broderick Reynolds,
Twila Auer,
Raul Weissnat,
Chadd Osinski,
Isai Rosenbaum,
Lisette Denesik,
Eileen Lynch,
Jarret Effertz,
Wendy Kuhic,
Aaliyah Harber,
Gustave Ledner,
Davion Koss,
Kamren Turcotte,
Milan Wiza,
Reid Grimes,
Janice Dietrich,
Maximillian Bednar,
Tre Rempel,
Clint Jast,
Emmitt Kemmer,
Shana Schimmel,
Richie Treutel,
Edwardo Walter,
Darron Mosciski,
Roberta Kunze,
Marta Bauch,
Nola Bayer,
Emil Gusikowski,
Austyn Armstrong,
Miles Kuhic,
Laurence Batz,
Westley McDermott,
Abdul Kilback,
Arnold Lockman,
Raoul Roberts,
Roxane Vandervort,
Shea Hagenes,
Derek Brown,
Julius Kreiger,
Alanis Kunde,
Tiffany Jacobs,
Edwin Volkman,
Woodrow Schumm,
Manley Adams,
Roma Ritchie,
Aric Feil,
Jay Borer,
Jeanne Walker,
Connor Murphy,
Jaylin Wuckert,
Neil Konopelski,
Kristian Aufderhar,
Nelda Douglas,
Dayana Durgan,
Mekhi Beer,
Madaline Swaniawski,
Gia Wolff,
Penelope Sauer,
Abigail Kirlin,
Skyla Green,
Arnoldo Lehner,
Orlando Pollich,
Elwyn Koepp,
Kaley Wolf,
Ariel Terry,
Esteban Herzog,
Jada Lemke,
Lamont Schowalter,
Rodolfo Moore,
Clovis Gulgowski,
Vilma Feest,
Wayne Orn,
Kevon Altenwerth,
Kendra Mraz,
Adelia Marquardt,
Jocelyn Nitzsche,
Name Mitchell,
Malvina Farrell,
Adolphus Kling,
Noemie Wunsch,
Maurice Klocko,
Mariela Ernser,
Athena Grant,
Lucio Adams,
Kaycee Fahey,
Katarina Mosciski,
Luella Reynolds,
Janae Pacocha,
Rupert Willms,
Alexie Jones,
Tatyana Padberg,
Electa Larson,
Franz Braun,
Lucie Vandervort,
Isaias Mohr,
Blanche Gerlach,
Colton Hettinger,
Fritz Cassin,
Pearline Smith,
Ines Pagac,
Millie Schmitt,
Chanel Macejkovic,
Rosalee Hahn,
Micaela Gorczany,
Edgar Orn,
Brittany Funk,
Harmon Turner,
Leta Zboncak,
Maude Mosciski,
Araceli Dietrich,
Dario Feil,
Rebecca Sporer,
Marietta McLaughlin,
Nathan Ebert,
Myrna Mueller,
Ignatius Carter,
Brielle Schimmel,
Lloyd Vandervort,
Amalia Collins,
Monique Oberbrunner,
Herta Lindgren,
Gay Huels,
Titus Schaefer,
Lee Hansen,
Lucas Mohr,
Madilyn Rice,
Scotty Ratke,
Helene Langworth,
Evan Schinner,
Selena Wiegand,
Davon Beer,
Rosalyn Spencer,
Tommie Kirlin,
Madyson Strosin,
Oliver Batz,
Tianna Hammes,
Ezra Rau,
Erik Haag,
Omer Kerluke,
Keegan Conroy,
Marge Volkman,
Alysa Sipes,
Deron Roberts,
Julio Skiles,
Nella Dicki,
Eunice Prosacco,
Rozella Walsh,
Alycia Hand,
Gus Senger,
Marta Hickle,
Scottie Strosin,
Donnell Douglas,
Conner Hansen,
Tremaine Ledner,
Gustave Rempel,
Aileen Kautzer,
Christiana Kiehn,
Felicity Cartwright,
Daren Bode,
Jermey Lemke,
Danyka Fritsch,
Jordy Bahringer,
Randi Emard,
Sonya Mitchell,
Rodrick Sipes,
Caleigh Kreiger,
Alfonso Pfannerstill,
Velda Stracke,
Pete Bartell,
Warren Ebert,
Ulices Brekke,
Floyd Willms,
Frederic Stoltenberg,
Royal Deckow,
Malcolm Nicolas,
Marilou Raynor,
Katelin Jacobi,
General Leffler,
Judson Bernier,
Savanna Dickinson,
Georgiana Kuhn,
Bella Labadie,
Vance Williamson,
Westley Grimes,
Robyn Dickens,
Ignatius Wolff,
Cody Hackett,
Garett Kuvalis,
Pearline Glover,
Ian Adams,
Whitney Zulauf,
Micaela Marquardt,
Eldridge Moen,
Kyla Kub,
Melany Champlin,
Barton Reichel,
Elisa Stokes,
Arlo Gleason,
Stephon Morar,
Tre Klein,
Samir Paucek,
Korey Jakubowski,
Kristian Crist,
Ryleigh Anderson,
Savanna Gerhold,
Bennie Rath,
Mertie Reynolds,
Florencio Gaylord,
Emerald Lebsack,
Eliseo Klocko,
Beth Zemlak,
Werner Ryan,
Deonte Runolfsdottir,
Audreanne Reichel,
Demetrius Konopelski,
Rebekah Ortiz,
Edwin Strosin,
Clark Lind,
Ryder King,
Alexis Leffler,
Beaulah Greenfelder,
Hildegard Brakus,
Louie Nikolaus,
Tevin Fritsch,
Torrey Bogan,
Guadalupe Feest,
Mia Gutmann,
Arvilla Tremblay,
Judah Gerlach,
Idella Prohaska,
Alexandre Balistreri,
Presley Buckridge,
Josh Nitzsche,
Bernadine Pollich,
Lemuel Runolfsson,
Jacques Dibbert,
Lorine Collins,
Lisandro Russel,
Mateo Little,
Zack Hoeger,
Emilio Schuster,
Greyson Donnelly,
Nikita Yundt,
Ariel Aufderhar,
Delilah Conn,
Keyshawn Hegmann,
Kristoffer Heidenreich,
Arnaldo Balistreri,
Merle Runolfsdottir,
Reilly D'Amore,
Jaron Heller,
Hermann Haley,
Lue Aufderhar,
Darius Graham,
Agustin Nader,
Barbara Boyer,
Megane Farrell,
Ellie Haley,
Zaria Walter,
Hipolito Conn,
Roscoe Thiel,
Jason Ryan,
Anya Stiedemann,
Katarina Sanford,
Kevon Cole,
Issac Cummings,
Diego Gorczany,
Consuelo Cassin,
Maurine Schinner,
Hellen Hilll,
Aiden Ryan,
Malika Moen,
Asha Wuckert,
Tremaine Tromp,
Josefina Weissnat,
Lucinda Okuneva,
Liza Morissette,
Jerrod Zulauf,
Darien Greenholt,
Deon Goldner,
Nelda Cronin,
Mona Lind,
Thaddeus Abshire,
Kolby Labadie,
Eden Sporer,
Norris McLaughlin,
Fabiola Ferry,
Weldon Wehner,
Elroy Morissette,
Kara Muller,
Bonnie Kassulke,
Dimitri Lind,
Kayli Torphy,
Jalyn Mitchell,
Lue Tillman,
Dereck Boehm,
Trey Weber,
Daphney Lebsack,
Tevin Considine,
Magali Baumbach,
Benton Kozey,
Monte Monahan,
Cristobal Funk,
Burnice Medhurst,
Mckenzie McCullough,
Alena Lesch,
Althea Moore,
Aditya Stokes,
Gianni Stanton,
Cassandra Torp,
Jaunita Wuckert,
Emmet Pagac,
Moshe Weissnat,
Durward Daugherty,
Delphine Kertzmann,
